CREATE TABLE `Almacena` (
  `posicion` int(11) NOT NULL AUTO_INCREMENT,
  `id_cofre` int(11) NOT NULL,
  `id_item` int(11) DEFAULT NULL,
  `cantidad` int(11) DEFAULT NULL,
  `durabilidad` int(11) DEFAULT NULL,
  `x` int(11) NOT NULL,
  `y` int(11) NOT NULL,
  `z` int(11) NOT NULL,
  PRIMARY KEY (`posicion`),
  KEY `id_cofre` (`id_cofre`),
  KEY `id_item` (`id_item`),
  CONSTRAINT `fk_almacena_cofre` FOREIGN KEY (`id_cofre`) REFERENCES `Cofre` (`id_cofre`) ON DELETE CASCADE,
  CONSTRAINT `fk_almacena_item` FOREIGN KEY (`id_item`) REFERENCES `Item` (`id_item`) ON DELETE SET NULL
) ENGINE=InnoDB AUTO_INCREMENT=174 DEFAULT CHARSET=utf8mb4 COLLATE=utf8mb4_spanish_ci;

INSERT INTO Almacena VALUES (135, 1, 1, 10, NULL, 2446, -87, -15);
INSERT INTO Almacena VALUES (141, 1, 1, 1, NULL, 2446, -87, -15);
INSERT INTO Almacena VALUES (144, 82, NULL, NULL, NULL, 1, 1, 1);
INSERT INTO Almacena VALUES (146, 82, 1, 5, NULL, 1, 1, 1);
INSERT INTO Almacena VALUES (147, 1, 1, 1, 1000, 2446, -87, -15);
INSERT INTO Almacena VALUES (148, 1, 1, 1, NULL, 2446, -87, -15);
INSERT INTO Almacena VALUES (149, 82, 107, 1, 300, 1, 1, 1);
INSERT INTO Almacena VALUES (151, 82, 1, 1, NULL, 1, 1, 1);
INSERT INTO Almacena VALUES (152, 82, 1, 12, NULL, 1, 1, 1);
INSERT INTO Almacena VALUES (153, 82, 107, 1, 1000, 1, 1, 1);
INSERT INTO Almacena VALUES (160, 83, NULL, NULL, NULL, 2, 23, 3);
INSERT INTO Almacena VALUES (161, 83, 1, 12, NULL, 2, 23, 3);
INSERT INTO Almacena VALUES (162, 83, 107, 1, 1000, 2, 23, 3);
INSERT INTO Almacena VALUES (163, 82, 1, 12, NULL, 1, 1, 1);
INSERT INTO Almacena VALUES (164, 82, 1, 12, NULL, 1, 1, 1);
INSERT INTO Almacena VALUES (165, 82, 1, 4, NULL, 1, 1, 1);
INSERT INTO Almacena VALUES (166, 82, 107, 1, 2300, 1, 1, 1);
INSERT INTO Almacena VALUES (171, 82, 1, 12, NULL, 1, 1, 1);
INSERT INTO Almacena VALUES (172, 82, 108, 1, 1200, 1, 1, 1);
INSERT INTO Almacena VALUES (173, 84, NULL, NULL, NULL, 3, 3, 3);


CREATE TABLE `Cofre` (
  `id_cofre` int(11) NOT NULL AUTO_INCREMENT,
  `nombre` varchar(50) NOT NULL,
  `tipo` varchar(50) NOT NULL,
  `capacidad` int(11) NOT NULL,
  PRIMARY KEY (`id_cofre`)
) ENGINE=InnoDB AUTO_INCREMENT=85 DEFAULT CHARSET=utf8mb4 COLLATE=utf8mb4_spanish_ci;

INSERT INTO Cofre VALUES (1, 'Ruben', 'Grande', 120);
INSERT INTO Cofre VALUES (82, 'Pit', 'Cofre', 120);
INSERT INTO Cofre VALUES (83, 'Pepe', 'Shulker', 120);
INSERT INTO Cofre VALUES (84, 'Rogelio', 'Cofre', 120);


CREATE TABLE `Item` (
  `id_item` int(11) NOT NULL AUTO_INCREMENT,
  `nombre` varchar(50) NOT NULL,
  `tipo` varchar(50) NOT NULL,
  `imagen` longtext DEFAULT NULL,
  PRIMARY KEY (`id_item`)
) ENGINE=InnoDB AUTO_INCREMENT=109 DEFAULT CHARSET=utf8mb4 COLLATE=utf8mb4_spanish_ci;

INSERT INTO Item VALUES (1, 'Manzana', 'Objeto', 'iVBORw0KGgoAAAANSUhEUgAAAKAAAACgBAMAAAB54XoeAAAAHlBMVEV1KQK0Ex7dFyX/HCucEBdUCQ7/lp1UJAn/XmlHcEz2BSzCAAAACnRSTlP///////////8AsswszwAAANJJREFUaN7t2cEJg0AQheG95WwLaSEtpAVbsIW0kBbSbZh32IcDm4B4kJ3/P8mqH4IMK9g+J9cAAQFbBAgI+Md6RZcGbzwhb/kCT3jmJgUIOAf47HnqWg8QsDYoYYm2SEeydOIeaW1IAwLODtp6RO9o26c1nR2qgIDFwGGav6QCAlYEfUs6cl5bI0DAOqBmaOn55rTm6QQEBMwl2psUIGAxcDh/QzpZgIDFQH/YDfcsXQIIWBZUutCqf9X8tgABi4FW2761d+DfKCDglODBAAGnBL+e+BpZqT1GdQAAAABJRU5ErkJggg==');
INSERT INTO Item VALUES (107, 'Pechera', 'Armadura', 'iVBORw0KGgoAAAANSUhEUgAAAOAAAADhCAYAAADRcblEAAAAAXNSR0IArs4c6QAAIABJREFUeF7tfQm0HUW5bu3pzJkgwTD4VgRFGXwL72X5WPrWVbzOiooMD0OCCRBYInIfLlG5Qi4PQQElIT4TDINAJgIaTAJELldBIQSJARESEgYxwYQYBgPJmfbZZ+9+76vqr3ftPt1dvXvvs89UnZW1zzm7u6vqr/+r/69/qpSwl6WApcCQUSA1ZC3bhi0FLAWEBaBlAkuBIaSABeAQEt82bSlgAWh5wFJgCClgATiExLdNWwpYAFoesBQYQgpYAA4h8W3TlgIWgJYHLAWGkAIWgENIfNu0pYAFoOUBS4EhpIAF4BAS3zZtKWABaHnAUmAIKWABOITEt01bClgAWh6wFBhCClgADiHxbdOWAhaAlgcsBYaQAhaAQ0h827SlgAWg5QFLgSGkgAXgEBLfNm0pYAFoecBSYAgpYAE4hMS3TVsKWABaHrAUGEIKWAAOIfFt05YCFoCWBywFhpACFoBDSHzbtKWABaDlAUuBIaSABeAQEt82bSlgAWh5wFJgCCkw6gG4aNEi5zvf+Y7Yv3+/aG5uFplMRnR3d9eN5BMnThRvvfWWfN+ECRPE22+/PappOnv2bGfFihUin8/XjYZhL2pvbxddXV2jmp6jenCY2Pvvv9/53Oc+J+c4lVLDdRzHm/N0Ol0TI5VKJfk8wN3X14d3j2qannvuuc4tt9wiQLdcLicKhUJN9MOccD6wOIKexWJRZLNZceihh4odO3aManqO6sGBM9auXet84QtfEB0dHXJyIf0AFkxyf39/TcyDh5uamiQDaYw4qml6zjnnOLfeeqsEH+inL2ZJiAmgYS5IS7wTv4OuRxxxhNi6deuopueoHhwmdfXq1c7JJ58sGQWTjU8yTa3MQ4bDKo7/LiONaprOmTPHufnmm+XQIQVrpSHohoWRkhBSEHTE5+GHHy5efPHFUU3PUT04C8AkMin6GQvA+tLUArAO9LQSMDkRrQRMTrsR8aRVQes7TVYC1peeVgLWgZ5WAiYnopWAyWk3Ip60ErC+02QlYH3pOQYk4NpBtoIqC97YtYLWxkJmCfh8bQ3UFy91f9uoHpyygloA1pNrBkrA2ljIArCeszMM33X/ff/pfO7znxNNuSbpX4LfCk5e+J76Cn2yxymRkn4nSjLcg+/lp6MiXYIvfFeSTmk8i0gY+bpRfM2cOdNZunSpF/kjRFoIJzyayBHlqCPSGn9Lp9KStpl0RlKrWFLOePyOn7OZrJg2bZp46S/bRjU9R/XgMKErlt/tnHPOOaKnt8cDG37wMwaZQ67IGujAKKFXSqmfxWJBOqUB4kKhMKppesEFFzg33XSTF9jQl49aoIS3OOX78hJcuqMdCyD+BtoV+lVIWy6bkz/j86CDDhK7XrWhaHVfz9etW+e0tLRIKYOwsJouJxv5+Msvvyyef/55Nblu+BTCnQCc1tZW0dvbK3+mBMR96Bf/R8aKpkoyuqa7u1OMGzdOMuWHP/xh0dPTI8eF7yBtoy70BYHNn/70pxsK3C1btty2a9euWaBB1AWpDhqAHp2dnYhMEX/+859lSB9ols20RD7PaJmuri5JD/yOMeMT48Y73IVLtoE54gUeueCCCyIXQPVl9CIQ1UFoRZgrjAf9+tSnPtXQeWhoYyDE4sWLnYsuukgSHwOvLR4zWv1Be4sWLRKnn366mDixQyAGu7s77wJDqT75vGIGqp8EICYGDGHsX6okWlqaELUv/8+aNUts2rRJ7Nu3T4KPcY5hTIDvJ02aJB555JHV73//+0+uaTGq4uFTTjnFWb16tfEJgAZzBRqhn8gsOeaYYyS9stkmkU5FL4CgH8FLGusAxPspFfF3ABB/w8+IrwU9I6+U2gbUcmEOMD4Avru7u6GYaGhjINLSpUudmTNnehKptmh6qIf4Hz6Mq75/lfjud78tenryUtqB0AAG05LIFJR03P8RgNET64jefLdob2+VzHLwwQeLY489Vmzbts2LZzQBEO9Hf/r6+ho6F9OnT5dpRdVeCxcuFEcffbRM70qns6LYjz1edNdBA9zPC+AisDF2xoESmAyWxzNfv/DrEV1E27UBkODXMjsaOg8NbYwAxKpGRq8tHYgSMHwYP/vZz8ScObPE3r2dcqKpblD1ZSCwnqrETAl8hwkKv2CkwUqtcuOQG3jiiSeKjRs3equ4aXxacHhD5+LMM8907rzzTiP+OP62tjbkOgoEYr/zne+UixkkoFNCt8O7jvGDnngWF901ACDUWxrEaA0FzSGJcAGA559/fjQAa5SAbA/jQbu9vb0NnYeGNkYAnnvuuXVK6DRLwPnz5ovzzjvPU3kx8a+99ppMT8Lkcz9IADIfjapTdLS/I2DEQ0ohnsN+CqlPv/vd7+RkQnUzZQto+XANnYuzzz5bWjNNGgglA/u5ePFicdhhh7kLU1r0FyCBwrsO8BGAur/UlfpS5eReEPyB/mBxxN+xLzt3zrmDKgGZ14g+YJEZ9SroL3/5S+e0006rSMI0LsNRNxiMMPPnzxfnnHOul4aEyUUGO4iNPRs+CT40w30fGcfUt958l8yE/8c//iFV0M9+9rPiscceFYUCzOomCVqWCI1O5GVibbSEVylHCqRqnwwL6OTJk6k2i1w22ggTBEC6gvBevBNGKyyM+Jm2AbWA9Qos1o3YA2ptNHQhbGhjGOSyZcucGTNm1CWXDO8bkH/u80kBgHPmnO8BCwyn1D6VGZ8SZf+frgZxDxgpwVIlsKVw4M+CRTCbFci+f2zDoyKTzgmRUtZUdQUbCtimcSNlWgmq/B6lJe64444ICV12v0jpJ1VNaUSTEhAaQiaTFSX4+aL8gG71ASxQoAUNLLSsZrLqvaCh+tT9hiUxe/bsypFJlbN8pSLajkcS5e/F5e4HG4qJhjY2OACsdPT61aH58xaIOXPmCOBAMU0dAQi5kFIJvmUAflY8tuExz8GMPeKIBqCjJB+ZdPHimzQAZkTJUIGDz1UPQAW02Wd/1Ycjn2Pfidqjx4GgBWAcKoXe46Q4Ib61xF0ZlQTUAVjOiq9ZAloA1hGAah4pCakxeBLQJ/kQSoErZQFYHX7qr4JaAFY3A+ru2CpowySgH4DopaaCBgIwJawKWuXs1x+Afg2lMnRs/nyqoI5PBVWqY017QCsBB0ECAohlNXP2bJ8KGrQHTLoPdF0Ydg9YJYj1281GGAvAIPIOXwlI8KlPpYJqhhc/AEvRkTiRrOW+y3HcQHBVEKqhdpGGNhZshKmtLqfDCRmwCqr3zp9/g7sHVGFlsE7S+S0loJvLx0/GgMaygloJWLsEdAMdvEp1QoFBXY5mBfVZkd15T1kAVie+BqqgNQJQ7sRLAaZwC8ComRk2EjASgJCAjAUNACD2p0nVTxInBSvoCJWAjz76qDNu3DhVlz3kKhaLE+FwPeGEE1Lr1693Xn31VQQeS2kEp7gsJB1BRN1JPqCJVEkUPT8bv60E9Oc/f5IMHj7k4INEV1dBOn3hfEccIxzxra0qGyOsVqgpUiSTVv4jPN/W1ipD0TZs2OClNKU8K+3I9ANCY5B5lO6+bPmyFTIUDZoCaJPOlLMXgliAoWcIRcPP9P8hEgbPlwuJB0u45cuX+V5beV9/X1GkUmkv04LB3Fu3bvVcQ+Hc6cjFG+lkzMr48Y9/zHdtLxaL09LpdCR/p1Kp7Xv37j3uox/9aCJtMtFDGNCNN97oXHrppV6MX9ggQRA3UVVMmTJF3HDDDeJLX/qSBIEMQUrXlo5UqlBZ0ItKAL799j6BMwYyaUT1y9LxbpaCIwGIQGodgFE/B43RKZV9iwTg448/7iWYjnQAcnFknuT9962TFasZ4+n46O2nEQGI7BA5O25qE0v5I55UXcEAxBzpRpnK+9IC/zhnehrZM888U+G/DOZPRxRLBZHNpiWP7Ny5U/InA8cjF3/3heAnBCbs3LkzEZYSPYS2Fy5c6Hz961+vCOMKZFDHkYNThBQC5wogQRbgk7GYhqMFTLGU4X5gNbSmHDLVhejtzcu+quh7IVANXUXfl3utt8WfEbkRdfXlVRgVJn+0AxA0Wbfu1+Ld7363B6SiIRPIJAH9C6bf4MKDbypBWJ6RJhfA6Bv37fhEzqL5UrG8mUxKSmPwxre+9S35id8hFU3paBrPJMJSoodcIDkXX3yxTNKMusoSRwXl3nXXXTI/78033xTt7eOEW4kg9BW1AhBuBqqRkMbpNA4AYfQKEk2V/h+mgsYBYFkFbREnnvgxqYKyxMJIl4CgX9lA4og1q9fKkvEEVsaTYMFTqGdDBKmgA3YQPkm4b7+uAfqjnoTIZVQ5ED2dDP0lAKMB5IhsDuX11Tkh+H/FFVdUgM4kBRHU70rMRFhK9BBIPX/+fAlAUwf1VQREggSEaVntCTKiuQkqYHg3zAAMCUVz95UqbQZJn2qvUlZTADocAlKWcEES0DS+Yn+fJgEVAKGC9hf7Za0ZaSAKUrHcvw73WFAC0K+CenGzhlA0AtCvgpalDOYFaohflKrfpQSscD1UzjdUUPARM+8xhwDS008/XXEOSPDyUBK5prTo6tovpk6dKgUEM/ARYM8seZOA4VSaJe7AOxID8Pbbb3eM2cpue5A8UEMhia677jrpFlB7w35jOks5mDlkeAOMqO6QXAAy2h8rLQ/9yGZTAgcj9fb2yBQiWsF0ScjWjO076iAR3NfeDgD+q5SAowWAUXtAmTlSHCiV9JnSAUhXD7UiVe4iZA/oApLALYOwsr1Sv8ooKcf4KgA+9dRTck6iS4KUhEiprBVocuCFyy+/XH5yy2QCFSQgrs7OzkRYSvQQGlyyZIkEoJFBy1HmsqO33XabLDMAMOzevUdMmfyOSAlofL8HwOBYUEjXYlGdOYeJyuWyAts67AGxACgVsxyQ6wehsX0XgMoK2iwBKCWgW3fG8YxEI9MKqluoYQldu+ZeTwWV2Q25aCMaM87DrKClkn8FraTTvn2uChoSC1osOFL6MZ0J8wfa/+lPf/JOXQoHUUn09HaKgw9+h3jjjTfk/ddcc438hOaEOj96Jr8BjImwlOghdOTmm292IMlMGd8YjBpIl5R6KIPwmc98Rj4nLWKGwAMjANIhQ3AlICQfHe7ZLPYzaoLU3gMrZLQKaloBS0VY0dS+ciwA8L5773OtoErqmySgCYBwB6krSA0VIhyArmLfXwlA5nM++eSTsn/R+Y5Ij8qIt/ftlTmO4AsYYcAXHR3jRWfnPiN/s8hU0nSyxACECjogV6uCW8vmYWV6RuqO2gOeddZM6RJAPlkReWAxnalBhhLTHi18D6kmnM8H7f9M4INaVMjnRWtbs8j3FkR7R6v4+Mc/LktSYAXFZepfc7Ny05RKbsKdsdH63ABH/JIlS0TRoEK6g/CkDIxoRx11lLen7usrGPMBWZSJiy5PwNUz4cMBqNwXYZfSanLeybq0OQCAeqW7sOcLfb1ePif6NXfuXFlmRBabkk56qrzh5l73nkRYSvQQBhMfgCmvCKsC4K3irLNmiHxemXlNZmydcPUFoHpzrQBMIRcwq0rTQw36xCc+IX7/+997E2cCoLb/TDwXSSA5Y8YMZ9myZSLlSaDgt7D/1ETWrl0r3vOe98ibAV4soqaEXMwbVDkCIhiAwe3v3bs3cnjoFwBINwRLHMYFYDajch0pyS6//DJvuyL5zWBEQ+csACOmyGRFrRWAuUxG5Pt65GYfkwgAPvroo7Ex0dHRJo1T+Xy+oQBkTRhTQm0R1io4Tl1JcP+6dbJitVQa08itBAdGVMZ2TyROCkCTm4ulDGndJpAIQNNEpNz9P41FEoClohQaFoA+6g1HCQjWQ2lCSL/x48eJj33sX8X69eulRDSFsanhlejUbigATz/9dOfuu+8eEDk0gGHd4AXQvtDXJ379wAMyFA0XolgKhX7jFsKvgrIsIVRvU00auAKiLkhTqqBop1oAIpACFy3Zc+deLsPuWBHdZESzEhCr8xBKwH63tB4YtKOjRfzLv3xM/PGPf5T7OskMRZakCOokNvttDGZoOADXrFkjtwIDo1HKfU27Z2bI+qaOIyABEYrGczYQh2mSgPH2gMGT6LkhQuYYdMfi51dB4YagayKaQVQghi4BcTSB9OHisipomXzDUQL29xXE+PEd0qiESYQR5oknnjAAj2NSRiB3H9hwAEoJmIoOpqbqiR7nmprEypUrxXHHHVeuGm4oCYE5w3+okqAPI2hYmNcUacR6olEgCgIgVVDTFoR7QPQLkvmyy77n+XAhCU2RTFYCDrEELPXjbAEVO4iV/gc/+IE8i6Ic7R/hqE6VBIwM06b9Nxkf+5GPfMQDIc5uOOaYY3wlwUw7moHfb9u27d9KpdK0o48++mJ++8QTTzgwpjzwwAMi19QW+VKAhuoZfv7mN78pjjzyyLLhohDtiAcABlMCstJamBHGBEDhpiIxSPw/rphbQQ8LQI0cw04CwhLY3yf6+1UgL9TJbdtekCFMiJBHGBWrPIdyuZsOg1qpOPiERgcWrjX5WU2Q1EsB8l5konz3u98Vhx/+bqMfD88j2gMq9a5du8QHPvABL6qptbXNuP+jBExqhIGDPOrCwhflhjD5kZHNQlcGaH3dj671mpOGGEMgxZiXgCYGjPt9mB/QtIKiLCEvTOQrr7ziZdmbnkWEP9JhANyzzz5bPPzww2rb4Up1rspxxxB0H4MQlKqrzO3Yv1111VXikEMOc91A4dqv7obA85B+LGYso4tEdFnAWlVQBO1HXYxJpfuBLgm4guh3jHoe+Zy0oEKVnX/DPFlSEn+zKqiPckESsBbm1J+1AAympAWgdcR7nGEBWP1yYyVgdMkTKwGrONrNAtAC0E8Bq4KG8gRjQQc3FK16lgx+IrkKWt4/Vb8HRE2bviHeA8arySP3REF7wBhW6FrcEHYPGMLhwyUW1AIwmgJmFdQC0BphYqJoeKqgVgJGTZ+1gkYzd+LoCysBFWHTmgpmVdCBzGYBaAEYSQF/MR/cTKaJI5jp6GZsJJzVjP4wBRqr8wOLYsqUA8X06dPFww89JFrb2kRPd7doc0t4mAK6jelOpZJIpdPCQXKqW+ENGQ7z5s8XEyceIPr7EeNpsBSqku3SN4bz4elf4wnDUXQifRHxA7rAT1d5TFx0JA2ONavFD2iiD7IhWBMUwQaLFi30QtFUuhzL9tl8wNDKZXGAEnaPH4B+NdfkTMf3DNXCzyg8jIvZ2JFVuVwATpgwTpx11lni0UceEVkwKE6k1VKAIhlQr6sYcqN0vvf3y3fLLI2+PnHNtdeKCRMmiVyuKRKADCrHePAsknHhsMY7Caao/uEePAcgEYCszUPDTtTz1QKQZ86j+DNr0ES9v6e7U44H/7HYLV78M1lUGcHY8jDRYp/7uAVgIgCaAKRHzFPyVbPXxPNMgdEByJowkVLQBSDqUuIo5sfWr/cA2N7RIaVOb49Kl6nlkhLQjYKRY/z/tVyuuvpqMXXqIbKqdJQERCgdnuFx0u9617t4kqxkcBTYNe0BGwlAfySMSQKipAjjXTHGm25aLPMBAUArAX0zWw0w+KgJgCYV1PQ8Yz1VmXVH7N6922NYI2hSqpgvyuJdeOGFUgL6L4AnjooXdg8lHxcCqrQovXDEEe+RBYujAIiyEbxQ2Q65gPikdDExODMgBksCom/UQvS4UEpAUywtQwmZvwkJWKH223SkMmsNFgD19+r7vzh7Qa64qsp2WlbX0iVi9AYGap2Q51UsWLBAPPfcc5KZ9D2SzMOLuFj2P+wWAIhqIPuFd0LlPeSQQ0Q2m4sEIAGEfgF448ePl7GgDHI2LVAE6GDtAXV13w9A9j2Kfs1NKpcQF+h+yy03e4V5bSxoHSSgKRreJAFNzxMguA/qGPLX8MnnTCoo7kWpRKzYAAslKvdHpny51157LRKgDFJm6QbcDMB/8IMflP0s9EWHIrGcI/eCyPQAqPAOGqCiOkD6AIC4n4Ybfd8c9bxpDxgEQACKwdgmCd2UU5W/yQd3LLlddgcqqAVggwDol4BUa/BpkkC0foK5UNAVaTf41IEZymCpkkzzAQC3bNnigZZl0pnBEMWgpnQdpjX5AYjCSviutUUVlg27+BxohPvRHkEdJ1tDl4BBAIxsXAhpvIm6dItzEgmIdDKWssB47ly5wgIwjOBJVFCTBAPRo1RQ0/NcyXncGkooQLKo2qOmupRCnk2AfEIAEKUMIQXBtHgvVD2WNwyjyeuvv27iYW+/RhUUfcORbZMnTxH796lDc8IutA+pjD4BgHCzsPQfraFxJCD3gPWWgAQg+oLFzG8FNe0B4YaghRdjXL5CHYdmJWDArA4GAEl8fa9Dnxe/i2IwSinuFxnWxL6aGAAJn7gHZxkAfFyNGWRsel4HoL4f8+/NwKCUyvh873vfKwsmF/uj/XDUBgg6lGyvxo/HfhCA7Aelp0lFNEl4PVtfl4BxVVAYYXSaL1u+VIJP0h/uCMP5jpq2lCioJdFDaHSkRMKYJJgFoAWgBaBRiVI3WAk4kFBWAqrsdUhUKwEr+GN4pCNZCagmxaqgwau8VUEHOSF32APQNYEP2R7Q4Ge0e0BbksJbukalCmoBGLkBsUaYEPJYI4wiTM1WUAtAC8CYNpCK2+IDUEUZBB9PlhFF7/gnQy+cSn9d3D5bFdSwBxwLKijiOZFyNeCQTxTlT8mUMLqhli1fJl0PKLeIY8rKbpJhlg1x6623Oueff77xhFxaqNraOuSxv8uXLxdf+cr/Env2vC5wDndopImbowa1E2cu7N/fK8Of4Jymb0w6lg3n2wWprbqPrFY3BPvC0DF+0i9oyglkVMm2bdtklWyMD/5ARqCY/GQmKyijT9AOHNWwFKKNd7zjHWLKlCle3GPYgkZ/nUxpKhZl4WD6AeMEGvC98APifj0f0LQ44lmooDoN/PSQqVvupTI2HBk4cP/998u4VTXX+A+Pm8/lklLRS+BL9AvP3XzzzQLZKblcs+jt7TYe0Imm3XEkcuklegiN3nLLLQ5SaEyOYnQOA8PkgUA/+clPxNe+9jUv2kOPtq9kAmVF7ers8dJF8J5cjue75yUgW9uiQ6n8k+x3VuN3PbKfkRV0xpvGx0gaPqd/6jGGYQwu4zELBbF161YJQIwRQMGzDPSOkvZ79uzRDpEsu2r4jA4SLnZwwE+dOlUceOCBxhOc9ICAIACaQER6MxY0CQA5FoJPByEqEuD38kIhJA1Reh8VvXt7felcA6SgAiEifmApxpmJMg8Q+ZPZrFHAoG9or7u7OxGWEj2ERu+44w7n+uuvN2qCXM3BVFh1r7jiCnHCCSfIcCas3pMmTQp5hwLguI4JAkwGpkE0/r59+yWxQVysVD29UacPeatTKJPWQwLqUTB+AJoIBPCBsbdv3y5XYkwm02EY5RH1Dr+Rwi/xCWKMk4HVAD3oB0kImkZdJgCaJLQ/EoYA1EMAo9rXJXwQAMHAeBfzOpG9hZ9XrVolQwKbmnyHz/gAWCwWJG+B9ggjBBARUI/fZaSQQUUHUKHJPf7444mwlOghE1NFff/Tn/7Uueiii+TKAmYLzxhXAOzvL4mO9g5x9dVXi/POO0+uSjiJCM+BSOMnhAFY9YIEDAvTqhWAZIowFdQkIcCQYCAGHZMmBLJJAvMsibDx8eQg9o8qE+gH2kRm7LtGJm4jgiSg6XnSN6kK+vjjj4eqoHJxKKr9Wzm7oigXW2x18H1/sayiKo6o3MthESePHHDAAZiHhmKioY1h+KtWrXJOPfXUigztYMAqAOKsbjDRvHnzxJw5c0RPj1IV2trUytbZFS0BySDVAJDSgsxjkhBREtAfk+l/F1ZcMA8WE4xLV9GYVR/Vvn6AZZibhhkbrH2CcUF9x39TuhMBG7YHjANAvENPyGXuZBz64qxFXGH7QF0FVfOgFpWly5bK57IZ39kVPgnY369KTkATcPfIDcVEQxvDQJcuXerMnDnTM9+Hr/AKgE25FtGb7xU/WaD2jp2dXd6zYKzmlujjtfTs5iAGDZKA1QCQ4KDE8hthTNoCcwd1SYZ3cd9sUoF4gGWUBAQNyPQAOC4wG7YHpgXCBECTCkoNIKkExFmLvIJUUEhA7gHVp9p23H777a7K7ZsBHwAhATnf7p0NxURDGyMAkY2NjW+4AUbKPkkPp6Si0hf+dKG44ILzRHd3wSugI5knFX06jz9j3A/CWo0w+vswkX4AmlRIqpyQgAQG3ok9GtXEKBDzAMswAPKcQkoqWmVB+zhHRHNhYTaE3wpqAjAXkKQApAQMAyEAqEtSAAp9umPJHe4j/mBzvzsBZUHapDbgjrGhmGhoY6DIsmXLnBkzZpgEgwfAbKZJlom77ee3iVmzZoi9ezs9fR8gLvRHx7LpABwsCUgV1C8FMUiTG4J5g+gnc9rAUFSJTIQCcMPAh2f5fvaFeyUwHNRf0wJhAqBJhdUBiHdVm460ceNGSYIwFbS5qUmOsbxnVhLwtttviwVAuC18i0hDMdHQxnQAmq1g5T0gqlTduOhGeYosDDBcjeXqngCAUrK6AQD4pBOWUS3VqKC6EYYSUJeCJhWNVkZKO/aLz5kkDDLwdTXY/zPfTzWNSblM/jUBUPcDoo9oT/cDmhYI9p8SkCb+uPmAAGAY+OR8ueUS+T7sAUF/uBPUPPsWaJ8Kivtl9TNXlXUcp6GYaGhjFoAD2dUCMJoFLQBNS1yV31MFtRJQEc4C0AKwSgjVdrsFYCX9LAAtAGtDVJVPWwBaAFbjB7QqaJUAM91uAWgBaAFY5gFrhLFW0Mg101pBTSKltu8tAC0ARxEAy/5A5Ybw+fgC8gGtGyJ0+uvnB9SjQOCXYmwkfVL+dCR8z3SkOKf/0MEM/xNiM/XfTY54BjojMgUhY5Q4+HucdBj6AcPiQBF6pqpv5yoiRhBBY4rjxNT4JSAjYeL68Tj+MD+gyQ+ph6LRaqx/Zt1QMoYcquySfrFmzRpJTxkKF3HACuhm/YBEH6WvAAAcFklEQVSBIKwPAMHYjMZgyooenEwHLEFIZ7penNekZOAZMjgASPAwOiPq+SgA4p2mWFA/AJXzuRx+hXGxYjTHinsAQNIhqn+1ArBWRzwBGBQHin4DgGiD+0qAD7//+oFfu26e6KJKFoCDLAEJQBIazekSUQcgmVeXgKYTahmGRmnll4CmSBg8T5AwNpOROAR1FEAYjO0HHhmfZ0PgsxYAMvqIkTBxJSBDAf2xoHGfNwVj83ix8qKnaoTed999avEyHC9mAdgAANaigjKaP6ybUQBkmFtSCVgPFRTg1gvWckGolwpq0g78APSHoiVVQamG4mwHXNRCsO8jAKU24zBdLThm2AJwkAGImEdd5axWApokGCWPLgF1FdSkQppUUNMCYEpH0lVQ/V1xVVDuj/wSMO7xYkHZEFgQ+LyJvkESsGIvqAFQzYFK0L33vnutChqErUb7AQHAIAmIvpGpGKgcpIKaVvggCVjNHlBXQZMaYcKyIfB3GmEGSwWNQx/co6ug9QYgDWsEINq79957Y53vZyXgIEtApN3UYoQxZSPo6g+toDoATSt8GADR53rsAfF+/dgukrteEtAkodneYAFQOOoEYdCLAATN77v/PisBh4MEJACTGmFMbgTTHtBk6q9VApqMMCxHWKsEZBqT3w1hWqAI0HoCsGJRcwEYaIQpIVveWkErcLhy5UrnzDPP9EoBhq+gyg2BgqrIB/z5rT8Xs2bNFPv2dcvVbtKkcaKnpyCKhrMlmDEORuRBk0hiRbuoegWA8D+ao1GABYtMRgLmEDLRVHdDxJEOqpZlSlYH4M90hbCgUpSap+cDUoXm/Vx0apGADBZPagUlTV999VXP38ayGNxfRo1Pz4gPckXwcBUsMKB9Oq1iSygBkSGvrmBG0fIA2Y2GBqc0tDGMkDVhAAYwSLiZv+wHREb8ooWLZEIuXFxYhfG8ZApDYV68n64IvXwdwUGrnK6mUqVhpnUUg+gAxDsJboLHJCHIoCwRQfN8XBXUVBUN76vFCkoA6hJQ38OZFhlagnfv3u3V26QBxpySJkQQAEEzLxG6WJAqNioI4H0oQ4h5gxsi35eXNWKiAMgykGU/YrGhmGhoYyAEjTCIMIlTE4a1YRbcsEDMnj1b1pLp7u7xCvs6bu2YMJCAsFBDyShgCB6tjPbp7AbDE6CYXEpFkxWzVgAyGx9MhP86AGuRgAR+rSqoLgEBPL8KalKxSVPUdtVdEHzOpGFs2LAhsjL2uI42r7K12g6UJB0ffPBBWUuoLPmCJSD7BP5xfaYNxURDG8MgUdD3q1/9qhwsJjRcQqilK5POSZAsWrRInHHGGbLEOJ7BStfV1W2sioY9EldsTDaZnMDDuwBOrtSsccJKYiYJRgb1uyEYdWN6nqu5XwWlBDQ9r+8BdRW03gAM2wOaJCD3ZgAg96GUynJ+/WUDfSupqSgT/ICcX/WZlov0Pffco8rOd7NkRzAAyYfok7vYNhQTDW1MByDpzP3AQAmmAFgoKCsXqqKdffbZsiYMCAWVA6uxqSwhGJvl98p1Q8pSkPstqoIEDs9RMDEImZ4ArFYFpRGmVgCGuSIGWwWNUs/xHcYFGhKAoDf3fpT+Ue8w+QGL/aqYFffRWJgBvLvuvktk0hmR9ormBQMwYAvUUEw0tDEJpIULnUsvvVSWAdfFfxgA29vGya9QmBfV1Jqbm0Q+rxy5UnqUlfzAeXzrrX3yXvgDQWyovpgsgBh/5z6EEpArIYGLFTLq8ltBqwUgY1D1YGzGocZRQf2OeL/EDAIg7sFzJvWR0pm0CirKZHKzMNCARhhKRC54JgmPytjsB+dBb7O5qVzMGHOcy2WlMeaRRx6Rc2uSgHqVNlddbygmGtoYCPjUU085ICrjHsPL2lUeznLkkUfKAOLm5hapyoDRUTsz3xddGfvggw8WRx11lAQ7nsfqiInBZOE9VCE5yQzdYtm+cAmt2KFWAIIh9VhQLgC6LzFqAQCQwqQfmdxvhMH9cf2AYVbQOBZMHWQ7duyQw2BmBt6LOTHF2mIP6AeeDsC+vKrnyb14e3ubBCBqz6KttvYW9/FgCUjJycXuG9/4RkMx0dDGTOpK1Pcrlt8tK2rDJdHa0ip6envcz97I1y668Ubx5S9/WRw0ZZL4xz+6PKkHAKIgK1NWqAqSSTCJcetm0rCTxAoKyRfkhoi7BzQV5h1sFdQkRWnMevnll6XE5SlE6BfroEZN4L33rnUNKViQw3xO5eyPluYWkUo7oqena0Tw9ojoJCZoxYqVzvTp072VjiteqArkni8I1RXHqMF9wXqWlFryU6Q9NZS+LnxCZWIbpoWD0gqgAXDLURkGJ6VmTufZCf7CtSYrIY79oiTWP9nnWlVQSmQaYfRsCJOFGH0ALbHIPPXUUxJw3GN7Gofb0bIUVwYxXqtXr448348SGpoKpenkyQfgXMERwdsjopMKgCuqA6Drnph3/Q0uAFXOWCaT9dRGC8Bo9Z0qJF00+h5QsxpGrk+1A/BXle/3ZbUj0oWZEGUATrYANEmNar+3AAym2OiXgBaA1WJlUO63ALQAlBSwEnBQ8GV8qQWgBaAFoBEmg3eDBaAFoAXg4OHL+GYLQAtAC0AjTAbvBgtAC0ALwMHDl/HNSQG44Ib/K9OYYEJXwbpZ2Rb9a0hnYjgafXD4hB9QDxoO66AejA1zPeJTGe/IMCzj4Go4Q/2tt96Sr29ELCjo56+KZhobU7qeffZZL2aTznsZP4vKZRVXpe/0V7+6p/Jra4QxkXxwvk8KwBvm/0QCEOBQ4W9lAMqws34VHMxoFjAHAci0pKgR6aFaAJwfgKZYSX6f9AhnApB99ANRT0cKKspkCjbX8wGTABBOeLS7efNmSVdcoDHeK+mOwrkRAFy92rohBgdRVb41KQDnz1sQCkB0ARn1ugRktAwjYUzd1AEIkCNGVY+EMQGQ74c/jw5l9sGU6oNn/RKw2mBsUxsMXE8aCYM+og2/BIwLwHvuWWUloIkJG/F9UgAiEiZKBdUByFA0MBsBGB4srkbtV0EJwLhl98IAyEXBRFs64nU1VAchJWBYaXrTAqFLQEbC6NXbTP0zqaAmCbhq1S8tAE1EbsT3SQH44x/Nq5CA2WzOA45c3V0JyH0bSxPs2rWrIhM7bIzMMWR2gF8CxqEN+pFUBfVHwuhAxM+1xoKGATBuNgTzLcMkoAzSjVBBVTC2dtk9YByWqv89SQH4o+uuj1RBGYzNnDcWRiIAWdk5bEQmI0xcSjAYG5KKi4ApVw7vxnO8eH81EtAUUF2rCkpJHmaEMQHwt7/9jQVgXCYazPuSAvC6a39cFQABODAdARhdt0apoGB4vwSspiQF6JZ0D0gAJrWCDrYKWqsE/N3vHrYAHExgxX13dQD0SmEJABClLGgF9augugRkzRgdgHGMFPUAYJAEZLJuFI3efPPNiq+jrKAswYcHmJAbRwLSnZLECkoNgVZQ3bIs99cGFfQ3v/kvC8C4IBnM+8IB6BX9KDfv5gLiDz/6kZKAUOuUGyLnFWDC90XXDE4LJEtTIIOb5nLTuMIAaAIv92hUJfW0GhpxTG3HyYbQjyfj+2A9BfhMai73uLoVtBojDBcRABDgo8T1JK8BgA899FsLQBMTNOL72ADUwGcBqIwwFoCN4NBkbYyChFyfBLQArOAEC8BkwGjUUxaAVgWN5DWrgg4uFC0ALQAtAAcXY5FvtwC0ALQAtAA0U8AaYYJpZK2gtiiTGT11uMMC0AJQUsCGotUBTQlekRSA118/T8yaNUv69FS4WTnUSx1vVj5hFZWy6XTevn27zB801eXUY0HRBtKRWMaP8aVRw9XTkZhFwcNG+HvU83DER1XG9p+OxHfBER/n+LUwI0zcWFCG8r3wwgvuCbaqEjhjVNMp/y6oMj3p4Ycfsn7ABHip+yNJAQhHPE5jAjPrAAQTyEgMlwH0StT4DgCM44inw5x1MvXju/Rq22EEYel7AIkFfnVHtylfT4+ECQIiq0/zNCiGzsUtTa8DkMeTVeOIRyVs9AsA1PtAAGYGnO1RCUAbC1p3KCV7YVIA/vCH1wyQgAzJkucBuN1JCsAgCajn85kiTfwSkBWe9fcmlYBMMuZ5DHpkTiMjYdD/559/vuLMeywsEsgGCfjII7+3EjAZZOr7VFIAXnXV1ZEqaKFfVYcGAINU0LjByswl9KugpnA0AhSxoLoKWg8AYlxDrYJShQ9TQU0ScOPGJywA6wulZG9LCsArr/x+bABC+lBtpApq6q2eEc89oC4BTcHOTPgNU0FNe9AgFVSXulEqqOlgFYzdr4L6a8KYJDy/D5OAJgA++eQmC0ATEzbi+1oAGLUHLLnBwGEqaJyx6cm8fgloYlB/TRge2UXGN0ng4b4H5PjDJGB2wAm5lXtAKwHjcGAD7kkKwO9//6pIIwwACCZhJoJuBY1jJcTQ/QDUJaAJQFRRwySg6flGA7Daqmjsf5gEtABsAHjq0UQtAPS7IXQjTL6vz9sD6ioo0pGiz7AvjypKApqsmFQxawVgmCuCxo4gK2hcFTTsdCSM2yTh2UaYBMy5ldI0alawi1VB64GeOryjXgBMp7MVZfH8Kijz1+gHNEkgvWYK64JWU9WMpEnqhnjjjTc86prcEJS2uK9Rbgh9D0gjF/2AsvSGwQr6xz9utHvAOuCn5ldYAAaT0ALQhqLVDK44L7AAtACUFLChaHHgUv97LAAtAC0A64+r2G+0ALQAtACMDZf632gBaAFoAVh/XMV+owWgBaAFYGy41P9GC0ALQAvA+uMq9huTAvCaa64VZ5xxhvT9SSNaSh1FxgKxuaamirw/pgQhcgOXydEMRzrfBac33AJMTTL5EPXB+4OxmW9ncuTrbgi9v+y3HguaJBsiKNZVz3c0BZvjXtzzyiuvyPQvZmggyEFGHRn8gNYRHxsig3tjUgB+73uXDSoA6bgnU9YDgDwbgudVRFE2KiFXT0eCE1wPDI+bjmQCoClYnIvR3/72twHnMMrwP0MkzDPP/Lly+NYNMbhAC3t7UgD++79/zwOgqnqdlSuvLgHJ8GibKUEIncL9JgnIbAaC5fXXX5eMFieZN0gC+vMBTQzOWNDBCkUzRfqYwtkYZ0sJqFf/xs9NOXVaVfmqDMZ+7rktFoBDA7nKVpMCcO7c/xgAwHqqoPq7ADwCkNImrhpaz3QkXRWtNSPelG5lGl+tKujWrc9ZAI5kAFajgoKZqpWAlDy1SEC0W08A1jMf0CQBTQDkXjZMBTXtATdvftYCcLQAkCpolARkXiCNMCYjA40ktQAQ9KURZqSpoCb6EMBQQXlkG8cYRwW1e8DhgD4hRD1VUH0P2NTcXGEF1QEYZw9IVbMWAI5kCWiy0oKGoE1SI8yzzz5jJeBwwGBSAF522eWRRpjkAMQZhMpgQNUVBpN6WkGZHDwYVtC4ZQlNVtCyClqmh95fZvYndUNYFXQ4oE8IceeddzqzZ8+WvUGpO+aUFYv+M8Z5OKeqNzn38rnivPPOE3v2vC79czBK4PnWlnaR7+sRTS05gXPdW1tb5TuZlPvyX7YLZH87Tlj1fsVwqZTyKTIpFwDUz/YzWVHJwGF7QNPzcCfw4r36MyzKhHFR8uP+uACkFkB3AmhVWfOG9A8GYGtrs7x/+46XvdOEmRws+11KiZTIiFRa0VH+qVQSxaLyE27dttUdHtuptJJyEcRNlMZtbW2YuxFx7MKI6CSISwlIZuM+Ao71iss7nkwN7corrxQnnXSSKBSKYsKECZIZ5L7FSYtsLi06u/eLUqkoOjrGye/gIMb1/LYXJUNks02+Jah8+q4CINoBw6Dob9kKSjeECUB8eRgATesfS9OHgdBfFY1MzoRckxsBC5ae8Q8A0uepwOk/ILUSICj7CZoCgJSGyieJwIiUSDlp4ZRSwhFFb1FVC5qap61bfQD0+QEdp6jquxKmjiMOPPBA8dprr40I3h4RnQRtV61a5ZxyyineWezlSBGfH8l3PuAll3xbfOUrXxEtLW1yguEmGDdunOjp6VGFcJsykhkgAZWRJiNaWlrExic2SWlYvnTg4a9qxVcGHUeCFwym+wH1VdkEpKRWUP8Z8X7AswCuLgFxz759+7xq4aa+EYDM+Odio1RkLlDBkokn65YlYMmrD4p6WNm0qlROUANMCqjqby+8oCKSvMsHQEjK5mYlZdmvww47TOzYsWNE8PaI6CSIv3LlSgchZePHj5fMIyEgJ8rPPpVA+fYl3xFz5swRXV09Xo3Mjo4OeWosANTc2iJ6e3skOPG3VCot8P0fHt8ooMqUrXzBAASjcA/IUDTdEW8y0xMwYQDUV/cgoJgy4k0S0GTFpCOdCx6rvpUrgkP6BKmfamJU+f8+WWlczZeqv0rjVSaV847K5hYBNCsU8nI+tj1PCcjRh6uguAPPHnDAAXDrjAjeHhGdBGF/8YtfOJBkAAfUIFxkDjU1PoC4kvDyy+fKM+L/+te/ikmTJon29nFy/wPGw/6kUMTK2S9XZUw43gkGefHFl6Qk7Nzf7eP7ynYIQMaQAhBU2xQjKZU27KoVgP5ImHpLQLoOuKj494AD98g+FTTjqqASgGqvrAMwLZT6CFqhDWgTuCefVwB85ZUdinQ+yafv/RhdwznE+7u7u0cEb4+ITuoSkIw88HCQIAklxL9d9L/FhRdeKCdVqYsZCWBMElbZ5tZmaZTB5AE4+ITxZefOXWL37t1iwvhJkQDkPpDqDwHIymsmCUgJpAdjU52NYwXFHjAsDA1/1yWgLu24B+ThKWELhF6hO0gFHaiBaABMlbywvO3b/+rtAakOy/lwcFBL1gVfee+HthxHN8JESz6CGO/EIt3Z2TkieHtEdBLEffDBB50FCxZIsEA1pAQcyOCVQPzCSV8SEydOFFOnHixPLgJzY4Kw5wPQOsZjsvZ5FkIwA8CAjTxM57mcu8fx7S0pcbNZ1R6NLnv27PHiTPH3yn3kQDbXAUgpWs3hJwASr8GygkbtAcuahw8grsTCotbfX9BUUKVtqAUxJZyiWiQIdC4+zc1NUgOZOnWqT/pVtsNQO44d7z3ooIPEkiVLRgRvj4hORupwhi9/cfevnJkzZ4refF5pMkIdjVUs4VgymLbVhNIfCAmJib/44oulylosuhMeAsCmJpViQ/X173//e8Xvpj1WlARUUsDvZqkcMBYRLkZ+IOL3ICMM/k43BMYadXGvF6SCKglLQ1UwAAE+6Ybw9oD9FSpof6Eosu47+qVlVMgUJVissd/f8cpfRjWPjurBYTJXr17rnHzyyXK1zWYUWBRTp6SKA/O32l9ksKn0jiu78sqrpLW0VPIBwAdEWvmUBTXtHWvG302LB32IsJ5C8imJ0e+FbZmep0EqDIQEEH2A/B0Lhkn91NvG8/p/0nGABjLATaBcNZs3q4gW/CxVz7QjXUFwQ6A2KxjREY7IpDNyccTn4UdMEy+++Pyo5tFRPTgLQGWFJHBo6MDvjQGgWuwSATCTEocffrgFoGkFHu7flyWgozKy4fR11Tq5ilMCwqEu/64cy3DgKwnIEQavVemUklhjVgJCkgVe6u/0k27evFlJwHQZlGUJWJJbAykBMyojBQuHBeBwR1eM/kUCUBQVAJVuZAEYQc9QFTQQgGVQIlJFScAAAILsUEFLam8+EIBQQV8c1VraqB6cUkFXl/eAbk0SKQERAhUEQDce8cr/wz0gRWBljCl51UpAvwTUf6frJyU2b/HtAVO4z90DAoApJRnLEU5UQS0AY8iZ4XuLBeAg7wEHSMDKoGlvD2gBGAiSsSsB3f1JWQV1vRKUgNwDuhrqgEgbabeDydzuARVn+SWh0hwYZO2poFLS0dhMCagspVYCDl9BlrhnoRJwAADD9oBgJH+Ujdw0WgDSnRAIQPxRU0Ej94AWgIkZfLg/uGbNGufUU0+VPjZEzdNpjkiYfB45Z0K0t7WLru4uaQjA37t7usXCny5EPKGbbhSuKDDek1H8L730kpvGlJVtmhzxeA5WPzjUEalT9lMK2V/T83o+YNBcMMtAxVmqWEy6IOJUbqNkohGGRZYY2hcdLF6uvwq69BXUYag0uEgNIo38P+WAx8U9INo99thjxbPPPjuqtbRRPThMKBJ5p0+f7vmj6IJgJkUmnRNF19eQy+ZEob8gWppbxKWXXiomT54sQ9+iLryPjnMwzcsvq8RTOuhNsaDMTwT4kCLlOapTKQlABCVHXbojPgyADPUiALEwAIRo25Rt4QdgkDPetAjjHcjrY6QL7getEW7Wm++WybecF4SpMRztfe97n9iyZcuo5tFRPThM9Lp165wvfvGLXlKpHv2hqmSDBIoMTbkmuUrj85JLLhGHHnqoBEXUxVw0Si6EXEnlS2Z1KxN81EVJQgDiXhouEDBuilZhPmBYG5SArOCN9ph4HKd/BCD6FAQ+U91S0A8LAOqsAlx4X2+eixr9fuWMEUpAvBd+wJdeemlU8+ioHhyYkom8+JlhXmRWVaRXKUVSHUqlRXt7u9jfuV9ce821UoqZGIyBxQAKGHTnzp3yE1IGDA4QRV2MVEGGBv6D0anmsTxG1POMBQ27hyFoHAclNtrAf1NGvA5AgpCLDd8V1T8EwmORYGkJ0BiLFt6by2WlBERWim6EoTTEAjhSEmtNWkDY96MegEuXLnV++MMfSvAh8JjxliqrokMU+ooSdNjvQd0jeE4//XSZNWEKhubeiqoi8/Pwu1ztDSosGQ/t495qAWjaAxKAlMR+SWbKV9Sf04FHSW0CMMYFwCFDgaDHYgX6YHGClTSf76nIoSRNEAy/fv36Uc2jo3pwSVclPPexEz/pPPTwQ8ZXYEVnIqj8LPRVGhlSQRbU8msJYBoo9Abx7pIzIOW/ok8IWo66qM7yHg9EA9wGwW+BwUSCLeb9/regf5/85CfFrx+41/JaAIktUUK497+//58cabmTpSvCLxgWaLzBJyQCjSf4LO93gt8BBvUyKtxsAEqAOHtAlVaV/CLAQlUk3x7WrxHEAeY//9M/iyefesLymgVgfEY94X/8T+cPT/wh1gNMoeHNuuTCz1EXJFyYpIsjAU3v9wLPfRIsrmQzvd+0R4baP23aNLF5y9MWgBaAsfAkbzr++A86mzZtMlox479xbN6JBeD4448XmzZttAC0AIwPAgvA+LSKutMCMJqOdlUKoc/xxx9vJWAdMFgG4CbLa1YCxucoC8D4tIonAS0Ag+hkVyUrAeuDtJC3WAloVdBEDGYlYCKyDXjIAtACMBEnWQAmIpsFYJVksyqoVUGrZJnqbrcS0ErA6jjGvfu4445znn76aWMwdqKXj6GHEIt63HHHiaefto54a4SpgvE/9KEPSTeEKRStileOyVsRTgdH/IYNG6y2Zd0Q8TGA05iQ7Goq3R7/jWPzTmR4oMT8aaedZgFoATg2QWBHPXwpYFel4Ts3tmdjgAIWgGNgku0Qhy8FLACH79zYno0BClgAjoFJtkMcvhSwABy+c2N7NgYoYAE4BibZDnH4UsACcPjOje3ZGKCABeAYmGQ7xOFLAQvA4Ts3tmdjgAIWgGNgku0Qhy8FLACH79zYno0BClgAjoFJtkMcvhSwABy+c2N7NgYo8P8AnEugv3Je2mMAAAAASUVORK5CYII=');
INSERT INTO Item VALUES (108, 'Pico', 'Herramienta', 'iVBORw0KGgoAAAANSUhEUgAAAWgAAAFoCAYAAAB65WHVAAAAAXNSR0IArs4c6QAAIABJREFUeJzsvU2THNl1pvmec697ROQXkIUCilUGVtfwQ91MNklx0ByZKNoIMpW12Wy0mx1/QP+A2cx/0A9o05q73s5CJpWsIVlNa8ZGMBtrsqGZVg2ZZKXQBRSABDKRGRHufs+ZxXX38PjMiMjIj0icxyyAjMyI656R7q8fP/fc9wCGYRiGYRiGYRiGYRiGYRiGYRiGYRiGYRiGYRiGYRiGYRiGYRiGYRiGYRiGYRiGYRiGYRiGYRiGYRiGYRiGYRiGYRiGYRiGYRiGYRiGYRiGYRiGYRiGYRiGYRiGYRiGYRiGYRiGYRiGYRiGYRiGYRiGYRiGYRiGYRiGYRiGYRiGYRiGYRiGYRiGYRiGYRiGYRiGYRiGYRiGYRiGYRiGYRiGYRiGYRiGYVwWdNU7YFxb6OHDh+758+cMAJ1ORwGg2+3aMXMNGf37dDodffz4sQAIV71vxvLYyWZMgwDwgwcPGAC2t7f1qnfImI/j42Pa3t7WR48eCQC56v0xDMMwDMMwDMO4HCzFYVRUx4ICwB/8wR/sbG1tfQLgDgCISEZEysx8pXtpTCSEoESkROREJCWiLjMffPbZZweNNAdbymO98Fe9A8b14OHDh+7Ro0daTSptbW19QkT/TlX/GACcc1+rqtoxcz1hZgWQA9h2zu2q6pcAfrG3t/eLJ0+eZACwt7fnnzx5klcXYeP6YyebAQB4/vw5P3z4UB49egQAIKIdAD8goj0AUNWCiARAetX7aoxDRKKqGRG1y+ffFJG/zbKsvku+d+8eP3nyhEyg1we7XTUMw7imWARtAI062ooQgjrnmjW0BQBRVbuoX0PKu5uieq6qefk9Y40xgTYmQkSqqkpE1XMBoHbSX1t0JHVhaYwbgAm0AZQr0JqLUcpqjfr4UNXUctDXGmmKMhGlImJ3O2uO/QENwzCuKSbQhmEY1xQTaMMwjGuKCbRhGMY1xQTaMAzjmmICbRiGcU0xgTYMw7immEAbhmFcU0ygDcMwrim2ktCYSbXUe/TriuhAenWIDK88d85d2b5cB5p/I7PuXn9MoI2ZhBD9klR1okBfNxG46gvGVTL6u49evIz1wwR6/aFVdMbJsoyqDt6IJzsREVURaXny06hITxLty+Sqt3/dGImg6e7du/zFF18AsZksV82Ar3AXr4pRM6m1wAR6zXn48KED4Pv9PrVaraUPwDzPkyRJtOq+oaoJAGq320AjOhsVxKuOWEejxKven6tk9C5HVf3m5mYKoIvYmT198OABtre3zxla72N/P/7/yXl3uh5hv3z6ydCY+zPeMQ8n/SJ+IG8Own94Ei1zl9/Xy8cEes159OhR0fQBXpa9vT25d+9effCKSJbnuVQCqKqo7EebIrhoBFu9/zxjjI5XUY05KR3T3O9Vbfu8EBGccxARhBDq/V5mn5oX0OrzFZH8q6++6lWv2d/f7+3v72erFKlJAnquEfbPP+JNwgTaqKnaXSG2wAIRwfvBIRJCwHkEmplBRPX/FeeJeqdtf/T7zIzmxeas96+aKlff8NeuhbQS52l5/nloCnT1+VbzB8b6YgK95jx8+NAfHBy4+/fvEwAcHBwspXa7u7vpw4cP9dGjR28B4Jvf/Gaiqpym0f65FBAioqG0wqKThJUAlRHeuSey1i2CnpQiqqLm5kVkGSqRT9MUIoJut+vfe++99hdffNEHgO985zutDz/8kL7++usVRdBfrGaYBt/Fd4Dvrm68D7oxxXHyfF/WMcVhMyzrBZXdtwuU4uy9/xmAnwG4A+BERLoAPDMv9LclIgaAZ8+eHTEzfvKTn3zvxz/+8adbW1sfI578lSG8O4/AhRCQ5zm63S76/f65y+JGt9/r9SZ+/7oIdJZlQ887nQ6cc3DODV28lkBVNaiqT5IEp6enxevXrz//h3/4h89fvXr1cmNjY3N3d7fT7XaLoijAzHNdXKtXSP1VARRvwb0XQHF0/ioeAVhQ/lNgZyfFztYG2ikjyzKcdb2atn2BBgAgxQ4AiOAficJnf/G/Pf1d9db/GaD/UHaxv65YBL1eUPk3KxCjZffJJ5/8DMD/AuAW4gH7RlXTRWfqK3FI01SZGVtbW/zTn/7U//CHP4QEQZDAo6/FEmKiqnj9+jVevXqFXq+HVqu10HtHt1kJjYggyzIcHR2VJ7bMJ0BXXCaYJAk2NzfRbrcxencyL2WahFTVp2mKO3fu4Pnz5/6v//qvf+a9/8MkSZSZkec5ARhKW509NgBlgBiAgMAgYbAwSDxIASzYBU0a10QmB2GFSoBzCoUCGlBIAFjB6mYfylMOPyJkBCUQbQEAO/2PEvj/AfA7AHj4EPzrYxAem0AbF4sH0K6eqGqLiBYW6GkQEZx34Eav2PMK9ObmJrz3c4vo6LZGBdo5V0fmGxsbyLIMIYS5ovOrLtNL0xQbGxtot9tg5qXyxlW6SFXRbrdx69YtZFmGW7dueSKqz/GlflfliYcS0eCx6H14vRvKIGIQApTi/lEl4M3HchAUXL9fkRANNzz+VnePHuPJ0hu4DEygjUsnz3OcnJyg3++vRKDXPYLOsmwVETRUFTs7O/De4+TkBKenp6vbUWWAAKUCYIFQzE0QLa6hg8aJg++xorwQNC4IiphcWSLjowBIdbARVRRje3q9xRkm0OuPiOTM3ANQ5Qp6AERVF1KehuhVXzgAXlW5THHUrz1PBN3v93FycoK3b9+i3++vPMXR7/fXSqBFBN77eqLwvAJ9eHgIIkKv10O/3y9EpNAIVVH2QmPX6ztCeWQQRAElBSgeJMvX4AgUVA4bv4YwVCmmViSmWHSZeT3SHAQCYopDoZkXHRro153rv3DFBHr98WXHbaDs5gygNbbk7wyaE1RVxUa1cpDdQMTY8bnSAo4der0ekiRBCGGhfOg0KoEWEVRVJ4umT66KJEnqx7ICXf2uqopWq4U0TeG9h3POERE3S/gW/tuRlono8mkMo8t1eXruZaxEIUq0KkgF4ACimOuOCW49Q0Wn/I2VSWiQTQFpoi6sXVGECfSaU1ZrNJdocynOS6lTdRJfdW7WWAmkqtS46C48gCBGt805iCr5zGgq4LJ7SI0xAYDAGh9hLumf/BolEKky6sADpOqHXvytLujxOXf/orn+IYZhGMY7igm0YRjGNcUE2jAM45piAm0YhnFNMYE2DMO4pphAG4ZhXFNMoA3DMK4pJtCGYRjXFBNowzCuDcM9FW2xlK0kNBZidDWarTg0jIvDBNo4F4suHyYeXkZ+3o4qKC8SlRHQ6GMdqHoSVq2qVrnflUdHkiQrGU+1cjBazWcszFCRcrx4LBARiBkq19qq+VIwgV5zVDUAyIiosoXLl3HSLc2RUDqfoUx/udFxVHQoMbZoBK2iKIoC/X4fp6en2N7eXuj906hErjJNWpd+fNX+VheYVZhHNUnTdOhRFIv1F9bKKqP04pACgDqQdyD1cHQ+gSYiKDM0AOzGL9YhnLG/U0wba7vRykSMCSjW44LdxAT6ZkAjX9OidqMTeuVdSO6CODaibbVaayOiF0lllzpvC6pFKYoCWZYhy7KlGwIMIQqIgAuJEe45jxImgqgCEgBScOM4jH0az2q6MJ9AqwLw63e8mUCvOUTkADTvXz0AX/UYXGCc+v+LdLNjZmxsbNSdVc7bkxANu9Esy9BqtRbyg75qRAStVgutVgvMPNaz8LwcHx/j+PgYKBslnFegW0kKFBk4z0B5DmbFaBC9yKU9pnQCNOTwTmtbcymj9lars/zOajN0URTBImhjzRgV4qIoagP5Km8Zc4LxdasQvaZx/HkvBM0GqFV3klXt50VQNYjt9Xrw3iNN0/oCs6h4jl5Mq47eVZokhACieMdS/S0X7sKuASEIyMW7HilyqBQgUUALJM7XAl3lpMOEvPSoaEvV4koVhNgwloghCOCE4FKPkAmKmXMU03+mpZV1o+UVitH2g9/fA55c764qJtDrhT5//rw+KtM0VQC/U9X/RETfVNVDAMeqmsxr2F8ZuXvv2TmnzJzleY48z+/89re//SRJkp0yt1vlpudW1EqEm7fw3W4Xh4eHePXqFbrdLtrt9pnjzKJp+h9CwOHh4bnGu2ianwMR4c6dO/j4449x69YttNttnJyczD1WJc7NjiooP4csy7C7u4vvfve7+OCDD9DpdOC9X3xSTwJEAsglMcqHonf8DL1DQu9Y0EkI3GhUIlXXm+ZRojzUKHbwcwFB4gUmpCAmhCB4/uINyKVg9nDgsZZXg7HCyHPUr1WUJtCDBogYzWb/l/9yvcUZ52yGYFwN3Agd+NNPP70vIvdVtcPMmaoGVSXn3KJ/W09E+pvf/ObrVquFH//4x3+8vb397zY3N39YRnehPO7nvqhXFRrOubpCIYSAFy9e4Ouvv8bp6em5Bbooijo6rKLp60wVJVdphx/96Ef4sz/7M3z88ccgooX6CDYFujnJWEWyr169wuvXr1EUBZxz8M5jpOvT2dsQQhABOUarlUBCHy//2z/h2a8f4/Crf8JGIuBGJDsaFwhNn8gDCYLmSNIUEoAsV/zzs2N8+dVrnPSAVrqJxNH0FErZTXzSb6SqGcW2LB4xmv4civ/1f39y+Hn5Er8H8BNgtTmlFWMR9PrRPB7ls88++13VSv487O3tpU+ePIn3mgDa7fZ7IYSjqvt2GUGLc27utEQzgq7ed3JyUkfQ1W3+eRgV6FWVk10UrVYLqoqjo6P6e7//+7+P+/fvg4jQ7/fnHmuSQFd9GTc2NvDee+/h7t27cM7Vd0qLokIIQeGcQ6vt4LnAP2/mcN19aO8Am4nAaVGPzY25DNTR7bSLpiAIo9PeRKHASZfx5Vdv0e0rnh1m8E7QSTxYZSwCHxqFJkp0meco90sVowUs1z9+NoE2plD2tINIvAWtJvMmVHucOVazXjZJklpQJo23zH5WYy91C3/JjDZure4uqjsMlJ9X83mT0d+veRGs6HQ6tVjv7OzMfP9ZsHdQri6yCfK8ixByEDI4yiFSIG0lcOwQZJBmaXYSnLZFgoAUoFBgo9VBniugjEIdOPXgtBXv8dXNWPIsAA0mmgfpkGGBVig8aRV/rA0m0OsPP3z4kI+Pj2l7e3tpdTo+PvYPHz6UR48eFQCws7NT10A3mo6OpbbPOuEroakmHvM8rysssiw7d8Tb3P46rGqsotnqzqTT6SBN06Ubxp5FlUqpWPgCxjHF4ShFniVg6qPoZ8j7XRRZD8QBTALnGCFIvdik3t6MYiJSAHmODARlQpYRYlESN94/aypwHCGM5azXGRPo9YeOj4+p2+1St9ulTqejANDtdhdSq/v379PLly/rM8M5R8yx/2wV9U2K6maJSjNyFpE6Cl+nVX6rpvosq8UpVZqiWvG3Spqpj+b254YEYKDQKMJcKNpMCKKQoNAgEAQgcIySQ6gTxIOUxGieuNEhHgJRQVIv1hk+trgU8abgzkp1THxNs4pjDdVuDXfZGCE8fvx4JRX49+7dq8+jIi45EzRExTk3piDznPDNWufRFX/njRqb77/uE4QVIoKiKOra7Uqo0zRd2TZGa9mb6ZP5BxGAFawOTAnSNIHTAgl7JM7DMYPZgcs0DZQHEfSIkA6KKQZ/I1KO47OPaZ768JI5o+DV33FcN0ygjTOZFd3NEsVKPCd5ZDQjyVVxESmCVZMkyZBYNi9eValcI6U09v5l0zhLRefKiNYbMQUR/14EVYJoiDXLKlARKByi60A8HiqBrf4i01aEqxCCErxQFHcq4oWByvw065DW8yK/hw5/6dcr/QyYQBvG9eD6pny4IXQ8f9RaRcoTKyxGxq8foRx/5D1DY4zW3K3HXdOy3OzfzjCM1VAL4cVKxjw55ncJE2jDMBZD2aTjkrBP2TCMK4f1ZpXHrQoTaMMwFoMm5ImNC8EE2jCMGVRlczL8fOxr4yIwgTYMYzYTxbmJychFYWV2hmEsSVWCV00aNpLItaifJd4Whc/CLn2GYSyI5aAvC4ugDcOYwWh6YzQHfTkxXlUfPVrocdMrP0ygDSBaVA4d6iEEZWZt9CqU8vw4d+g0uuz7XWLCsveFO7CvkjOXjjOBKlMnVjAI4PjgNXAPXHdMoI2JEEUzyOq5qmalQM+tqLU38ARBvujmtNeVxu9cdmVSl+e5z7KMVRV5no85By5yEWv6djd9vKdx1tgqCoiCEP8PTT8VVbRaHkniyr6Kg5ZX8c0MPuPP65AiTVKkaYIkzH7x6MH3Lhw5JtAGUNqTNv2kObogNe3V2mUUPbfl2qRO4e+iKE+iaTOapik6nQ6Y+dwCPdoIYZEOLRPHo8pxUCClZ2Io+xSKCHrdHiAKx4wgEgW9wSw/aJSOdsQER4o8yye+RmhyVKA30P95FBNow7gERrtaV7TbbbTb7Vqgu93uuQQ6TdPazjSEcG6BPossz+BIEcrO5EMRNPiM2y2G5AIJARoSnHZn282NCvVNFuYKE2gDmJCDFhEhorwR7fZUVcvUx7l41/LOk9AIQu+Es9M3/vToBQcRHL06hKqA2c0t0M0YNTbOdXCOAfZInIOcYyKPmSCByjEdGAR2GxB/G8HvImkxkjQBO4YWw80BdGY/wkgIirTVQquVoOULBHyJoA5QhYKhpAAYQXUsjI5TlDxlUqR68WhX797Sn8VVYAJtAAAeP34szRQfMx8A+AWAx+W3jhCFe+GzvenTXJSdO6v/18HD+VxUftkavbODBCcKCPiIpA9XnH7vi1/+n5+++ucvPnbM6GeZkKqCdDh5PMO2c/iSyeiedtHpbOL39n6Aj3/vX2Pr9vs4Ojoa6mpzFsNNX2MzWFKAJGD3g49xP/sf0dn575AmCscBrHE/tGFHN9mZbridVZZl2N7exvbWNp5+9QxfvvnP+NUXr3HS7cOHPna2tqZPKCujIJ5qOdr01B6893jia68rJtBGxVBXls8+++xgb2/vF/fu3WMAODg4WGnY++LFi1UOtzb8y/ffTx2RftU9eQsA/f6rP3nyf//9vyqK8LFzjCKIQKHEMqKk8/gqA0UecPTmBN/4xkfY2NjA93/8P2Dn1i0AQJ7ni3edaczykQKeCa1WC0myhVvvfwyfCEhjB5Sqw/jQXo+J9PD28yzD1vY2tre30Lr9FX75X58jkzZOTt9gK/EokACqkCDQEA9RoihbsV/hdGc9Va33f9mu5leNCbQxDXny5En25Mk6NKdfH9yLF/qkoba942f5V4e5gKqJw9iPejyTNC7Q2jS7Ly1A+/0cL19mSNMEQaIgt1ottNttiAi8X+yU14ZAswKJi2LYahVw79+tRW9UoEeFWco7gNG8cVYK9Nb2Njb7Am5vo9AE/QB0JEERPCAKhIAQqknnwbVLBwUx4/uuCtX4GgWAYvIk5HXGBNowLpM94OET4FH5tNNJ4CmF8y5WQDBAKo0mfpjpgTEq0llWIM8PsbG5icQn6Pf7KIoCeZ6j1+thY2Njrt0cpAaGn/fzDFBCL88QCoVqsyqHoaIQHt5fmZGeybMcSHIgyfC2m6PbDwA7sE8BdrEllgggAE2IlKfm5xVQlAJdPl/Djlcm0MZUeG9vz9+6dcsBQKvVWlmKY39/H/v7+6sabq0Iz99Pnt99ofgabwGg00pTguM69UAAqRC5phhNF+igCiYHIgciD+YcGxt9tNsp2AGumtxjnjv/jKbwhbKWvcyBETEKKUrRD7HWGg2BntBnUmcItBQZtMggRQ4pMjAriMoHC4gDoLFPoRLiQpnmJ8A0I8VRRs9kPQmNm4c8efIkx3oGHteWcPuFuhSKr+NzAedOnVbVBvG2nMBDOYLJuVPVKFpBCxApHAOqBRQBqgESv7qQBr313isBdcohzjOzDrYjVE5iliI9dpWvvaVl7Gsu38eEspojqi430i4CmnoBExrkoKEKJKv83S8HE2hjFgutHDTOJk2h955Aqsw+BSg50qr6QePijeH1HhP1OdYcK1XphxC7byOHal4Ks0YRX+my+mEhFSZQYwcVOlZxMrzV4WiXhEHKYOX66/i8fLVymaaIE4RxYnB0j6ZMfFYhdEUeJr/uGmMCbRhXSAGUK/EoCi4UkAAqUx5aR6OTJgkDFAC7qmZ6JBK9rM4nM7pur+7q3hThZgR9sw05TaAN4wopC8YgWkV3Zba3Xl8xZRkGAUBc0FEvGycFNMSoGQVUo9A3l9iPpjkWLrtrVIzEr4e9nkaD/bMK25r7xswDnw8BRAAlBzDFYLj8XRcR/SozQqN1pGuCCbRhXCEFCnjVwYIWKIhd7RQnUwWUoxBzuZ5uTLVu+AKgd4SbfX9gGO8w0/w/jPXBBNow1hCqJ9EG36utXG1a98ZgKQ7DuEI8PNAoT3YoqyJ08HwSSgSGG8qrsqJR/WBCfROwCNow1hzWsmXriNWnsf7YX9EwbhTcqJ1Y/PSmOSLvizQealZ0cKMCpemPvSxJsn4rVUygDePG0Didp1hwGuuF5aAN4xpRV15MCRbr6LZaHDIa7WqjTlnHvZIre3sqW1HpguV4qlxH0Fdh37lI3fZkP+j1wgTaMG4wcak3lQ9FUAKXTm9CM7p6T9Gzhde1GOfCBNow5sM9eADudmNs2+lECauez8t9j6T1AIrHpQkVqYcqN+1FFSCad9joRDQlW8kIAZDqUa7OqxePK3BGT9cxUmWoUOnJXL15HmvU+ZjUYLiZh15kqJFxWURqvfvoo4/SEAI9e/Zs0V0c76UVf+kLWahoAm0Y86Hbj6F4AGw/HsSX2wvaTbx8AN1+OVAxokIBv/D9N5U+QLU+Q+IEH2SsNrp+CMXefk0W1dM1jaA15jjqX/7p06dS/jbLXlGqT/5CDcVMoA1jPuQRIHWHxiXZ64K39weikAsFQl+riJlUwSDVkZ6AFXXvv9pFUyFEEHYgBXqnXZAGhDxDJ03w0Te+gbvfuIOdnS28ePECvpUOmRudlUd2zChCgHcO7XYbWS/H2+O3yIsc/X4fqgFJksbfJc8Xzktz2Q286kaeZRlevXoFVcXLly/R6/UQQqgtU+elFGSqom4R0TwfsrMrSoG+1na6JtCGcaWUmQ5SEJeNWbW2h46Zj3KiL7aVGp9AZFIw4nvS1OP4pB+N7UkAFOj3++hn3Wh6L/2h99IZOY4QAIGggKDXE6S+BdECIvFRGRxhDrGfhqoiy7K6tE5Vkec5kiQZSnEsQ5Zl8N6DmeG9r5sVrwsm0IYxmebtL3/64KP7wsl9B+1I0EwdB1Ulp2cli4vGaVbAk/jwk57+acFfAwCz/iB12PGph2OGhlDazDcj6IFAV+kLqSNogSPAl0KbpikUjFY7wcHB7/B//cPfw3V20O12EUIAMQ0Z6s8S6MrqlJyDKqEoCqgS2u02bt9+Dz5hMDGC5FBVeOcRpAxS5yzzExGEENDr9UBE+PDDD/FHf/RHeP36NXZ2dpCm6bIRNBMRZVmGra0t9Hq9nWfPnv3gV7/61SsA+MY3vnEXAIUQFlJsis0iVVUdM6eq2s3z/ODw8PCgebysyq3K7FQMYxza20Py5AkyANjbQ3p/4+7PifFzAN8kxSGIjhWa0LRziGIzPFeepqHu7CEMFRXVDAC2NjfuuEQ+SdNkJ/UJijxXRCGYOG7zm6VSgElrgVYlQD0CefRCgtB+D0ItdLtdJMl4PDYq0HXjknJDIgHOeUhQ9Ho99IsCe3v/Gj/7oz/Gd/7l74GJ0e11EYpQLwQJEuYW6H6/j1arhTRN0ev1cHJygl6vhzzL4ROPJEmWEugqL9xutylNU/zqV786+uyzz/b/5m/+5qWI4IMPPkgBkCzeZkZVNSeibVXdBfAlgF88e/bsF0A8XgCkAPJV5KYtgjaMcejeKbjqevIvMpBu6cdQ/JQIrWiVoT1WTaeGoFWkW7cajN9gEBQU++RJDL832xtotR1UA9ppOlx9MOUUD/W5X0a5EkAKeJ+g3dnGq9dv8dXBP+OLg1/htAsMDdsQT+LZMZqoIklThCzg6CiDAKBC8eBHf4i230JAjjw7qv2hRWShRTIbGxt1Q9skSfDtb38bt2/fRrvdLiN2XXjlYtnei0QEH374YTXOzt/93d/9sMpJN1Mzi6CqQkQZgHa5T98Ukb8duXZyYwLxXJhAG8YVwDrh7CWBqNRiFycERztkV6+tvxNTH6R1NUeQDMQBrZTBIaaiaaiH1mCubLyf66gQKlgCVEJ93x7yDFmWod/vw7cGYrxElDuGqiKEgKIoxvLF84p0NYaqQoJARK5sYc15MYE2jDlQlUDEOYBW+a0i6uz84SLTQF1VY4MrQFlVuZLe+o67LN4aXelXpx4aAt18HZGgKHIURYEkSXDnzibSboE0TScK1NgNwIhiiwpaSRshEyTJEbKiwK3bm9jebmNjs4Os6IPIrWyl3vHxMQDAe49+vw/n3MKTkFWDXFWNOXlVHB0d6cnJiaiqlFE5LdOnkYhEVYvGCsX8IrsjmEAbxpzExktUf60gJZ3Sk2ri+2PDFMRSOY3CGgNp1ZjuEC1bXqlClaf2+CMtVYEUUWPiT2L0GHeJmeG8g/dR8AZ9Cxv7NCp6I8+DMjgpc91JXIVIrLFruOTD+7YikRYRFEWBPM/nePU4zQi6isJLMa5rlqvfu5z0W2j4kT/Kha4hN4E2jDkgYqeKtNIvBSUETcZD0OrpBN1urA+s6pydlqV11YTfUDdvGTv9m5N4MdEZpykJUTwhCucITA4qhCzrIctCXMhS7fyZddCDn1e57pAFZHkeL1GiEASoBni/Woe4JEngnEOSJEiSZKmyOFWtc8zORbNtZibnnD9vqqPMQdd/FSJK4x3QxWACbRjXAJWo0kTDSeapUlL/QEE60vOaaHr53HjSeQIzLjIzuEgb0lVx3rrqy8YE2jCuDedJZc4I4uIs4Vj6Yipal5407uB55MZ+4JRHRGvrFnfdWdOV9YZxE5D4qAT0OtC8W6+/nmSKZFwGFkEbxkI0YxqdIVptH737AAAgAElEQVSjsc9qBXiQBR1PR8zs5j2WLp0tutXqxUlWbUJD7RRXRrO6ovLqeFcxgTaMNYe1IbO1d4elHG4CJtCGcV0gWT6NUEfGE4S5zhdbimLdsBy0YdxQhBi6qCO/ca2wv55hrJIJfQCXQ86Vt1511nbUl9q4HCzFYRhXzvpMgi287s44FxZBG8aNYPqp3FjWvPzoJsxXgkXQhjEHAwf2ZrQ7oWHrxHrmkRK4htgJD37GGr04SAdb0zmqMUJsDxtfrwRWBen5neUmoTSpVG/F21jCxOimYgJt3DQmNIVafIzjO2Dsxyeve+BdFqAIYBdPGYWUrakc0BCTybna0sioWqBXOiVFERIwl0KvHJdt66C2ue6cMu03Uo42pc3fHnEcElVWUlWKRv5gjHs7zRbCQIpQ+m5E4QQKFRIRkiKvvS6WpTLjr76eZM6/YDfv2l4UI3cP1YrH5uO6YwJt3CR4bw/+1tF9BwAtfzDjDPxkwveiIh9n4O1wOwVenwLA5ge7aSjIQxVS+iorqOyoXYXEVUeTcqihSLp0kSu/JaoQaHSsE4IIwYHgmCAhNh4kJSgTHBQSOwxOFumqrTdVdqMc+xsSwKwBQFH2CKCJl66zLmXVz1lADJW4YtyJFF4kcJ7nyPMcItF3eVExRdlstsI5t9QYNxUTaOMmIbFN1cEcL92f9UN+mL6uFXb/zWHvW7ffK4IwXOUDDMRURJ3XHYmiazWthhkY9KgCGji6woUY3TIncE5Kg/4qdRKjU3fW6kBIPXtHABJHSBwhdeyJyDNxdLsjN5YymTksSdR21rojjAIgr0g7KTa2N0DksNHdQAihYWm6GN5HGUqSBK1Wa2icdYhyLxITaMOYgxghFrF7NhgKBnTcgGgogTCaj26IjgaBaIAGAYWYfnDkoS6fPOE3VfeklPAqgnaAdyAXQCPphwWsq+PIFAVZaPAoJEa529tbuPPenfhZCEFE4JxbSqArS9FKqKsIunLHW6VIN83810H8TaCNmwTv7cHfO40Kd+CXW+98twf2d3ZT7B/2AOCTW7tt79V1NhI4pShIgYEQBZpY56oTHmgXAUjAmoAdwOyh4nHczeu2VVq2vRqUtY10VinFRWKyGarlJKEUSDJGr1ug2y+KftYPCqcKhaiQjIg0jUbUDYFVJYAYiW+DhOC4r2kK5EH4xavX/sun/40lFxwdHQGlsC4q0EURu71kWQbnHHZ2dnDr1i0w85gXdPU7nyWslQhXuegQ4mdTdZVZZj+vChNoY51x5V23AMCnD3bvJ+Q/1U39HgB8GzhCabY/6c21VJWVFNxYG6Ki/t/+mzvdoggnnvnO1pb/2e72hksYMfot2JMSKU/xQD7Dnc4xQ8nh+KSP18dvkb2qzPFlkM4YcpOT4Y7eItB6hwWihYIQQgHfSjchwsVpN3weAn0O0EtVbGqQDghFTIBXmxgR6GYuhQElxttuz6Xs0evjCAycvO1/7z/9/f/x6X/+5X/9OPUevV6vysu4RYXPOYd+v48sy3D79m18//vfx49+9CNsbm7i9PR0zChpnvGbHVXevn0LEUG320W/38do09hKvK8rJtDG2vLgAXj7MfRRKautQPfZyc+F6E8AAIq3INWgko69mRqJhNAQQi1i5FpmI0Leg+sQvbfdcvfubvmWFyAIKGeP8vZ/PoEuKxWKAuwcEu8Bv4Hfff0GB89f4vlXp1BKkLaTkWh8kO5oaqmqQmhgVyqSq6oWBOeZBcRJ0II+D1nx578+LN4AwLd2cSs7RNaesTJm9AdfAHj/faRE0BfHeAsAX/zmyz/5p/3n/wpIPm55hyJkkiSJhhDcMh24T05OkGUZ7t69ixACvv3tb2NzcxMnJye1QI+OOWsbzTTG27dvAQD9fh/9fn/u/boumEAba0u3C9puzM6RU1Zw3YNJSdukEEdIR1MQ45NuTZP6+JwgcN4jYUI7TbDVTtBJAZIADbECAwCUZ7eNqiFBlim8c2i1UsCnSF4zhBhHp4osz7B1qxyzFvjRVEe5/6p19AwSFKogBhwBIeSgECCixe8O0av36BD9AyBbdOniixeDuxQAePbyRV70nbBzkCIDYvpA8zxfOHWQpin6/X4dzZ6enuL4+BgfffQR0jTFycnJ8Ee4YATd7/dBRHWlSZ0aWhMLUxNo48ZQwMMRIHWlhdY9+0YZX7JcLgwpb4GpfM6kCCLo9/sIeY4AoMh6kBBzx+xosllyzYhfcwgoQkDiPELoQ4PAgZC0CdRKkKYx2JeqbE508qRhOWYlOB4hVtupQ8KAJgQI8B0U+GKuT29+dju7wHas2RMZ5ISXyes659DtdnF8fIzNzU1sbGyg3W4jz/M6/cDMdd54nom95uRiqxWbsFeVIc166HXABNpYWzqd4RkuYRIiZI1v9UCqOle7kmrlHo88VxUVIlHfPF+krCkusmzycDUjAk0CFUUIBQpwnbYYXWE4ad8mUYui1s1Rq/0GEZJiF20cIt7b30b7ow1w+nSxCPrt++8nRKRff/31WwDY2EhTOM9KccK0FMSlZt0q4SyKAhsbG2e+ft7NTFuo0lxYsw4ThSbQxo1BFaSkSdU7m5RSBZSgc7Se1uH/qVH3q4BOKXTz/oyVdIPlgwCAIlzerbUSimwTGQ7j82wD2dOn6C/s5v/ihTbfk2WSMxWqTEA52XYesatWEF73CburwATaWFtGc9Aurmce9LsmZVKS6S2umwx3065r4ohiKd2Koi3HDDDgnAfogk8/gbYPBtFyGTnrojno0fcQoKKqEKDxya5HzmDNMIE2jEtEVcs+e6ExEbja8VGmOOYxWloap3EBeznxtuwFrCp3qx7NOmUiqmuZF8kZT/LbqL6uJgfXJQdti94NwzCuKRZBG4axEDkAB2c5jUvAImjDMIxrikXQxg0nnOHZZjHKUlCoPayNi8M+XcMwjGuKCbRhnAGtsMzuRpDEmrvZHtXGKjCBNowZNMux1qU0y7g5mEAbxiUia9QPz7h6TKANYwbNLiQXJ6piC/GMiVgVh3Ejqcwjlk6TNqoTmAg80VJ0xTRWFtYmShe/VeMaYwJtXAXuwQNwtxv1s3Klq57Py32P5OUDKB4j9kYi9VDi5ig61jVwcYQWN6+ombGcO3a3UiVoIIUACiGlKM66mEQTFIochHb5toxo+d02rgcm0MZVoNuPoXgAbD8eKND2ggHjywfQ7ZcNEx+CAqpKOhwBN0adp3dgHKz0g/YeoTSAL0RGsoKCoDox8p2Eqsafi6LIcoActNcDZwWxROtqaHSCZgWBZO5SiVKMm10Pxy2vV0UOsHMXEt6PNnVt+nLM48mxTl7P82ACbVwF8ggQPD7fIHtd8Pb+QKBzCYFU67QxqcIpNMzqvD1p5xov7512kXAC5xw2NjfQbnsUnhGCwnECmeDWP02kVaMXNBPBsYNSgq1NoVbryLHPnBZNFz2JMfSc8b+qCmiw60pIVG2Oad0xgTZuEAUcu7jArTTAZyk1royolWSmagkNx8gtdvDqAFGEIgBIIcRQUPx/QrQ27QKg0QIVVL5XyCOQR4AfCpSjwPMgy2G8s5hAG5cBN3SLP32we585uc8FdZQkUxeCqlLpYDnCjEOU1NNPoH9a9L4GgFaS/oCd2xmkXpVYwa5UvxheTpfn+LKmvDJa3sEx0M+Aw9c53hzlyPMMIURvZ9HZJvPNrakqJIgSE5xzBErwtqtHJ1nYz0VfEgGkmipA2iwfmYcyB63QbQJ2AXxJhC+/aCQi9q1cZO0wgTYuGtrbg3/yJLai2tuDT8h/qko/h8M3iXDIRMdKnCxcdKHEqoU6chkxwM7d2dhof5KmDs4RpCjYicCVaYLJijeQ0PHGspUXMeHlmx7+39/8f/BJCoIDOwJxles+S/Qbz6EhdkkkBwB5nu+/Pc3+veT42wwBGyJ3AVDOceLTF/N9FATS0kjfKSNlpW4GHABojlCYQK8XJtDGRUP3TsFPyif/IgPpFn0MoZ8SS6vsntcj1XRy55MZml02iBUleIqNXtPUoZ14sAOUlZxOb0lVi+eI4c9AqAUbGy2cdHP0M8WrowLdsku0cygFevopNHlCUgUKrnLLrHIUmH75u1d4AgBfver5UvHPana4DFbVsWaYQBtXwzm7idRhoPKQ7ngmsAM8K1QBVp5azlALdENIh3PQjJRT9FWgQVGEAoWUlQIEUL3tyRH0tIoRbdT+OabyNJwzVDbeKUygjUtHVQIR5QC1ym8VcW5sknflZHUdtHhVKLScq1MOoWANsZmUikBVwDMsMWXkQtFMSZAC3ZNjSMFIkgQbnQ0oK5gc2AFEurA4xx62g+oMZZCoc0APAPAJ4LOPwE8X7Lw9QtUjXCxqXm9MoI1LhwWAk7JRNoPKCuG4WGM+ogIpQQVOoBTLcjXqkQMpQyEQEUhj2DFXOh3JE+vwl+QIWgiCFChCBlKCS1J4JhSSA5AhMa5K7KbXQ2u5jfi7SyCCDGL47CNwCOUPF6PaYvO3ubjlj+YHfSmYQBuXDhE7UUkrrVRQQtBkvu7bjXEQm3grxWk3B8LQMkLwmQHkfOtAJgeiZ48+aZ9jdiRuPA6uTHV+4+lTZBeYgzbWDLv8GVfA6u+6Z6Uxrj+WfzYms85HtWEMc0bJ20o2UdmFikDknBVrZCliYzaW4jCuBC4z0HN7YyzJWZ1QzmtYoapD05hnLv5TLZdwx6dCgsJKk40pWARtGAsgqlBZpem+wluKw5iCCbRhGMY1xQTaMK4IJWu8aszGctDGpSM87KS/7hnYWR7Qo0xavbiWzFhCf5XcJC9oWARtXC12+BnGLCyCNi4dlijMBEDKpSXULG2YF5K1j74NYxYWwhiGYVxTLII2Lh1hKXPQcbF0jIJX0d51cRbJHxvGZWMCbcyCVjCdRcd3wNiPT173wLfqH0236rxu6AAoQmxfpbr4DGe0DqmXDyqgPL5SxS4bBmACbcyA9/bgbx3BAUDLLycax3fA2+F2Crw+BYDND3ZTFfWutDoSOt9VoNqpIUe5JceaCSGAUIAQmwrSkpcvRV76PKVxWM3JBPlKOGuV6XXABNqYhlRtqs7FPvjhJ6/riHH/zWHvO+/dK+Q8GY3KGGnU9H/M2+Jsn4vZS82lfA2DQN4peUcE1qjPoEqpFyD6oDauIZRmfuyacv2VY01R1bUQ5goTaOPSybIiClvlRyEKogAQ1RUe0yBEga4avBIrer0uPDNafgPeM9I0HtYhD0B6nnpdh83tW8jfnEbfao3u1USEoACRO/MiMPUCULfb8uXXttwbAEIICCEgz3MURYGiKMDMcM6V/SHPvtlQVYQQoKooivi5ikj93kqk10GoTaCNafDeHvy90xjdHZQpju8uOMjrHtjf2U2xf9gDgE9u7bbTxDkwg6uO2DQQv1kJimhs1Pw5ASRoJy0wMxKvyPOAkzpKIiAsJ6BcbuvwKMPbbkARUHCSBpagQgopQ2c+QzBIh7dB0eeZAGwBgLDmlI/1/3pnUx6qCucc0jSF9x7eezAzmHkhga5e632UOCKqRXodhLnCBNqocI02Sfj0wUf3Ewmf6mb4HiD4NnCE2Eh7ZkjKtdREIb0FgUjwn/6b3a5AT1JPd7ZvtX623U4dNIAdwBK8AkREZZ+/GeMP/VygCHDJDlQF3X7Ay9en6GUCIoZPPYKcneYYO+VVFYRA6jy0j1yoOO3r50H958r+pYhswqOjKoWqKs/YhPCwY149QSjYEQKg8o8au28Pfql3KMXRFEsiQpIk2NzcxM7ODvr9fi3Oy0bQm5ubEBG0Wi0kSTIk0Osg1CbQBgDgwQPw9mPoo1KgmYv7BPo5iP+kXJ78lqAKiZNb80BE8D6BqkceChXpAc7T9mbqPnj/tm85hYYMIPFoRK1Tx9MJHbilwObmBvoS8PJNH7/57Ss8e3GKnIDOZhuhvMWddipOOt1VVQkoCM6DPdj5UOT8effo6M9/fYg3APCtXdzKNpG1DzDHJWCcotyl/fh5N/Mb75xBtEhsTQYA7XYb29vb2NnZQa/XQ5IkCwt0NZ6qYmdnB0VRoNPpoNPpXMJvs1pMoA0AQLcL2m7oFYsygRONhWAAtA1lIRoV6GlNVwVEhCIP8eQCoIHgQGg5RicBOilBCgU3ZPLMlMGISb4IoZ0ACTu8ep0jD4q3PSAwIE6g6uoIVjXuqzbGmJTiUAWYKRZskAIooODi14dlZ1cAcoj+wSGyd1FQ1wkiqsW9ykevEybQxoUhqmVlhSsn2RgIBAiBRUGFAFLUwgkAelbrqpGfawhQSWLXwBAAxwAD4gByHiSDxqY05bZ21FFONXYTINJSzAmqjO8A+OJcn4gxidV5a8+/rcvc5nkwgTYAAJ3O8N2+CyTqtFlm1wOp6lht22wUgEKgUeRUCybk5FGQF2KEQHWSlpUxy10j5qdHI2igEIUoIwjgHMAeSBhgFy8OPJwDHt6/KRF09VpxAoXCaZrku7ttHB72AQC30f5oA5w+XS6CLu7HFMfBAUKZ4ngnI/HRHHSVxli3ybyLwgTamIh4ECslVUMnUkqjnmky/MozohANII1VGqQKUoUKCIFAvopi4okYoDPL7BQ6NomoSlCJy/PiSc0giuLqUJawlReA2All2JJycoqjjKDrFAdBVYps8yjDYXxNtoHs6VP0l664GEwL6rtctWHMxgTaACbkoOM82WBuTUmZlESjgcaAkShnvMdfqZaNB5ECVAAk8OygzTD2zGWAoxsgKFO5uM9BpbT1kKpkbyRHPnJryxOmD+sIWjmmaJSgWmj7YDBYGTnruxr5GpeDCbRxqRBr/eCmKcW54JFHmXdWhkqoX7VUznFCWsUwLov1cKoxDOOdYF0XlFwUJtDG2sM6KbViGOuPpTiM6VCIveeiAUbdA2WImWVxZycw4qz9ufd0AuP7RfVEokVmxnpgAm1MJZz7/oov6SZNpiwV5IkThYaxLphAG2dQidsSPQNnjrkq0TTxNW4uJtDG5bHYGpclMLE2bhYm0MYUinKJ9kid81JjjZaqyYy0xIKQlMLfTKXY3LdxM7Aj2Zib6z21ZtGzcfOwCNqYCQ3loAHWYTvo2S2jJg0oU6Le87A+zWcNYxFMoI2JFAA8QpnmAJiqPqnDisxnCLSAaxMcJpqQ6jgPq5xsNIzrhwn0+uMePAB3u1E5K1e66vm83PdIWg+geBzN432iHkTMGv2gFYpJfV7HF4gMdzwZpfLCEBEEif0IZSnL+0gozdkFghBC2dxQJXbTUiKKBvyNPTh7UIJCkYPQLt+SrWxVumEsgAn0+qPbj6F4AGw/HqjP9oIGEi8fQLdfDkQoBKhjaFNwaeFKu8k+FpWJeuIJ/ZAvMuCZVCZ09dPoFTfY63n0mYbbTpEtVLw0Rv2amxd0Zp7rYj5tjHXwfx7FBHr9kUeA4PH5Btnrgrf3BwKtQgHkNWgAa7T6hI7L25if8shJIIhmRRoUGuLKRMcJkiRBmjLYuWi0vyQiCTqdDgQeGxsFAW8ciByqprGscZ+USxvRs68wqiqgQXpdCYmqJbkvg6pdVQih/r9iXpGtBH30Ec5xnF0VJtDGdKSIXak11F7MNKLR4wLd0DGKpjdCApHYP1CUIGAE1wZ8iqLoQbB8FB1UkGgCgUdQV6qqRFtTHdj/r2P09C5yVvS7iEA3o+/oBa71fEj1uO6YQK8fzbXL/OmDj+4LJ/cdtCNBM3UcVJWcLpaM8JR5+klP/7QovgaAJMEPNlqtHRUtO5Ioadmpr4mMLD7hkfNHKPYCLIoAStrwCePNSQ/500Mk7KI5qC6X3lUNqixot4TyQDg86h2JyH4I+hJSABRSCQWpQrRuTFju/5SkReXPD9JclbYJugvClwT68otGgqRs9mqqv2K893jvvffqbtzOOTjnwMxLdfW+desW8jzH7d3baLVaa5fyMIFeL2hvD/7JE2QAsLcHzxQ+dZT/HMA3ncMhER0rabJw2bKCAa/OaQYEkNM7LqFPOq0WSAGVaNQ/FHWQjEXQUfcaPQYJQBm9QBnMHq+PjvHbpy+hTHDESyR4y+av0AAWSnziCgFO+2H/tBf+vSb4WwDo5/ldAMSMsl1ocvanQgAVMXMtDo5EUlLuKvKDke7bhQn06tnZ2cF7772HTqcD5xxarda5unqnaYrExzRYms7dkP7aYAK9XtC9U/CT8kmWgXiLPobST0FogQAFeqRIMdr55MyRB6JKxEiTFGmaoJ0mMSqm8YpnIZoi0GO1HvDswOSQ5R69/jGePT/FcQ/otJdJ7cZ9FYUowOx7UBAC+EhBv/zdVyg/op4v7zjK3oq9GWMuuRPGSknTFBsbG/XX1YQy8/zHiapCgkA0dpZnz/VYzbSHc26O0a4WE2hjCFGFdwxmRpIkpXBP0iIBa3mfX+Z9CePazBqjbs8AO4+T0wxKDHIpQsgQRlsczrOPqBa8aCzTywHnGN55FLraqhDjcsnz/Fxll6NIEDjv6kYAIrIWuecKE+g1R4MEcpoTqIV421/ExlIzjZonjQREQVUNAVIUXPQzbm+mBB3cMmIkzdGMq3UkB60au20DALsA9UUUdA1wKWNru4Mk8WN567MYbFPjvpWrZVQDpeJdlYn4BPDZR+CnS3beLqlW19iqmDXEeTc0ObgOeecmJtA3AGrkQqksKiNdzDpOUQfAWipSOebymkTaEOyyRyAgEIqTi8pVA4BlK9jivpUpmMp+qZbv7CNwCKAlNlDtdTPUWp+wy5jKukwOVphArzlE7FQlrYJaBSUETRbNQVfVGUpUrvag2NxVGaQay5tVy3TGQKvGo98RQaeiFGYXe2iTH3ptXRa3AHUETaJQUFXbXAbs9UTe06fIhnPQhjFgHVIdJtDGnHCMzRcIzJWq+Hi0FC9eO7Qsr1vYcAmX4S1tGFePCfQNo2qgOip6k+7ZZ72fdbDoRAhQEigrSGePoUOBe0yUCABmgZLAUZkPDA5QAsmyt5v1LcPQ6kC1RdnGDcKWrxrjaOzlt5obwEZfwpGoV3SZ9LBhvDtYBG1cKGN10qTDk3uGYUzFwhfj0iE1ezjDmAeLoG8A3MgLr0L36BzR7ZDw6gQzJcMw5sYiaKOGteGlYVUShnHlWAR9AxACqLzWKsnMaHr0e0MB7pgom0gbxlViAn1DWSxD0VjFTJWL5gWbm9fbsYuAYUzDBPomoAywDL6e0TmkzhHX0fJ5BXJGlqxaUjsamdcGTBcwU1jM8RpjbVDVaLZf1s/PbdivslZLuqdhAr3GfBeAclF7XABVzkLHum/XDH27KZxDfQDqpdmroxRlan69/ieQcbE4dmDH9bLseZZnV6/RpRdBXR9MoC8PWoHhDh3fAWM/PnndA++WvvGE6G2rkLIt1Rybqg3vGkKsPgqn+obBUWmdpOMpiVmeTFqXggynMxRBFSF6+CNgYeO9CoKOdNtWGlf99T9Lr56hz5BiMbs2nkeTQl28Nc6EDidD50mQmGqrRHrRjioOrvn9ivN0VRk9CS40R2cCfTnw3h78raP7DgBa3i94VERFPr4D3g63U+D1KQBsfoA0QH3pbwRUK5/P2hlMEWdwzD2P/UwGOeMz93xILye/hBAUKMr+28tftBR56fOUVs/JBPkyUFXN60hVNYs+W4vfEjUiYiUiUlXf1KUsy6Jhf1hMoCvv58qon4iEmQsiCgDgnKOqjdaCiKpmRLRRbisjogtLrJlAXw4S21QdnG+UffDDT17XCrj/Br1v3XaFKoEqT2QApAqi6d0iouF9+UQHy7BjA+yY64uG/Q7EpeG+95B5Tg4MDPhVpezxJ7EJgHdAVkCDeibyVAr+0hpNymh22yakMh6OWyX2+aHm1VZVmZmb/aPaZRS9VE+pZgPXJEmQ5znSNIUEQavVOldHFREBM4PjAGkl8t77pXLUqirUcIokoraIXJiOmkCvOUUhUBEoBl2PmTjafJ7BSPtXsAIh75cHMMC8Be/jHScRgVVn5qVH7/VUtV7w4p2CXYo0EbTSTTgqoNqPFwiTUKNBp90ByrSGFKvLIIQQ0yXrNHloAn058N4e/L3TTxgADvz+UkfI3R7Y39lNsX/YA4BPbqGdenYgB65uNyExgj4z4ig7nQztiQDqYr82T+j3+whlB6nKpW60OfbIu4dQje53DEHiGOwFWc4Q5QLkg4RMNZnYxHA+FFmZ3dkqn+c8Xsy9Pmfj9WU0By3NFAeAnqouleLAIDcMANTtdl231/VbW/FP2u/3l+rqXaU4tra2kOc58jwX733RyJMvdcyVv3tGRO1yW70qbXIRmEBfDK45mfDpg937TP5T3nz7PQD4Nt4/Qmm2P/+QAkgBAvz/9N/f6gr0xDHufPj+7s8AdeTKzal6Bah5Szh52fYkARckjqBKOOn2cXR8jH4WHecq+9JqrGl2pkPfUwFElUmC98575xCQFG+78rmI/5zEvVTlTSJ0SFEIFpt2JyrfoNiJ39B/HMkjiaU4VsJQTWSe5wdpmv4CwGNEkToq/19otpeZq5xzV1VPROTOb37zm5/9xV/8xc+Y2YsIsiwrvPeOmWnBScIgIuS9Z+893rx5c3B0dPSZqv5j+ZodxA7gC4srERWq2gGwCeAlEX0+snBgZR3fTaAvgAcPwNuPoY9KgWam+0zycwL9SfmStxQnvSfk7GYc4+ShYAQUCgCJKrVZ3Dfu3vIbmwmyrIcghR8dZ5qvhtAgB60c88WJYxCn+PKrIxx89RpffnUCeB97B7IrZ74XMO1XVUAKKlupiCCo+s/7b0//fP8Qb4Ac39rFrewQWXvJGfGiFOH9+P5mbsdWwayGIRE7PDw8APCLxkG2rBjx7u5u+ubNmzcAcHp6eusv//Iv8Vd/9Vd/2NCmAgCXE4iLTOoJAHLOxTlx1QNV/QWA/wgAvV5vS1XpxYsXy3bbac7Lh5HjbmWThibQF0C3C9puHLQsynDcaF+tbSiEaNFJlVj2Vi3rJhK0E0DrtgEAABP/SURBVEI7UbS8gkUR6iC0bgI7EynvSpViOmJrI0EuDp4BFUE3j0MVSmAHiAToAl2Xg8TaZ1fPqxBEi2L/EL16Hw7RP4htqUxQ1wNZURsxPjw8rI/Qw8PD3uHh4cSItoqe5xXoMuVCjecCoG75/vXXX/fWoR2aCfTaUOaMiepw5ip6qjFz7Fs4J8RxEpBLgVYQWIHvIMMXF7ifxnpy+/ZtYOTYrqo8qoqMeajEPM/z+jkAHB8fX8h+XxQm0BdApzN8yydM4qDZ4K6IeqB477/o2I0VAqoA5Vnm8zz3SQ7kRX+Qo6vaVZ05XtXWKlZxnLw9gbp2PMCZkSYAfFqnOECLLaGtXktEZbUJQVWTfBdtHKIPALiN9kcb4PTpkimO+/GDPTiobzUtEr9YuNSOag5l6RTH7du309evX/cAYHd3t72zszOmScsIdJWCEKmPVw4hpJVA3717t12mOM6zXLYqPywuymTABPoSUFVS4qSWZ9VUQUrQZMKrZ45FUFAleqooYrdABASExs9qH4wzTp2qh58idu5O0hTSyMYEAUgCgnD5vFhcoKlR60wMAhXZJjIcxm9lG8iePkV/6RN9MC2o5xALY36qdMF5RYlev35dPzk8PMw6nc7QmJXAVhH1IvXQTVRVi6JopjiyUmDz2e+cb/gVjDERE+gLYDQH7XR4+aoSmFQFRBOOtrPSBzQwQiLAleVHg8fwOGdnIwYeB82XXmT6RES0fTCIcsvI2azt1otVXAwZM5ZNSznX0QwIZP75j2pl4rT9lQnbv3aYYb9hGMY1xQTaMAzjmmIpjitnwWtk7aWM0rxo+P3Kg/LMWGI3/PPxtV6NFEdVbTGSMiGq0ihcenwMBuEzaqJr+2lUxjpxWfq1vq80roxJKYymV8eiY11FpdMqsQj6JqA88U85utrPMIz1wgTaMAzjmmIpjpsAmeWEYdxELIJec4TiQ6nhMLdshxLDMK4VdibfNEycDePGYCkOYybMVd9BKVe9XFA3bsMwxrBw6xKZbNN5zoKzGU1bFx1DSBqVHzywIl3Avc4wjNVhEfRlIQEgquuAUTYScWesNh0vlaPB60nhoHAgMBKwCkQra4HSY2PEA3889g1lj8IillWrQJUQ1CGoiyY1y3U/NgzjnJhAD+MePAB3u7EkonKlq57Py32P5OUDKB6XZjLkvEI5ZgmiAZYqiEAQPsNQHxi50aHG84AgApECEhKIhLLQfyD4CpmZl1YCoFIvgBEpovVSETRIEQCVGPlr2TBb52nt3dxdhSIHoV3uUEZk61SMyYhIIKKMiFqIPhz/f3t3sxvHld0B/H/OvVVNypZlwbANCJrACGYWEZCVkCyCLBLEyFPMI+UB5gHyGFl4ACM7rwxosjAGhE1wnHEkStQHyap7z8niVnVXNbubHyapaur/AwSp+VHdJFv/vjx165y26+t8qf+Dg8+L3e3UDbYdfdh1PvabwIAe8/vfwfEUuP/d4od3/5I/yOdP4fefL0JIJDos9z3oRtfXwRW2pkwxuF5v/i+DwKRvJeoIAYha/pheNfkGI61C6WwXg6FS73ooWb9fpPt78O0456RkF8bDFk5XG1xHHxJZ+rdcdpxWF87D6dvivmqS5rQxoMfsG8DKpLWre3IMvb+3yEq3nMev1gqBLNpBL1+uPX8aLWrDPRHpTtoVs9kMs3oXs9kMooDZmufxOc9vU4O6YafegckMOzuNzHbq4I7QXe/dtQ5deo6fcymtu5fXlMXXVrnz3AetpqoBwLzfrYhEd4+ysvPjRubuOrjUO6wI6MkHNgP6lgQpK9PspWm9Wqkhi55d887LvV0QD59Fnh25LVN6MoDTkxaAooq7aFtDCGFc4pDN4SzeT2oBBAZFRJvKNOWmOSlTAbonOWvRRLfrQw/o4Rk6/frpw8ezXD0Wkd1WtPGQc3Bs/NUozXuWL2ZcRgkx/0Pyf1P9pS5jqv6+DvqJSOhOybmIQwWCsObIZclpS7fLSbxZXUI1KvDuBNj/yxHq5ydIuYz180Ho2/zLXP3lq5cAd3eHGKog4lLjxZt0lKXeM3/3PAQFHHXOWVTHryh+XvWnq0E7/L4ADwH8JIKffhj8RrHHvXsfquUe4O7uPwL4bwC/EZFDd38tItUVatCpK3N83r3pexE52nDfk/QhB7Q8eYL47FkZGvnkCWIl8rWG+Hu4/iYoDh3yWt1WPjlyKJMB4/K3UALcXYNEV8+NwxAqfDabzb6q6woZDndX9VLoCBCsqhz7ioB2wWi6hFvAy9eG/Z8P0bYtYlRADCY2L5P0Ab2qcZI6oK4QVxg8l0JGDhorvG3C3su36Q9J8Mc6KMzS52Wvh40mXsS8+SkkEJdypjG4olaX46bMQFmegsyA/vD48vOgaZr/qqrqf0RkN+fciEh290vXj0XE3F1UtUY5+fg8pbQ3+JDJhzM+9ID+4h30WXejaSD+sf5NzvZPoph1exZOAK9XTT6Zt888c9hFgIoI4A7VgLqusLNbwz2jD3xxoHJZsTQwLD8d+zq0uyNUpUTXtIJf/u81fvr5CK/etLi3uzgF118CvnhUK74BQCm1QGDipQxdXmNwmsNRVVff//gznnWDj+PqKcjXMoptK/6z0I0YTVQ5PDz8EcCPt3C/W7Eg+JADeuR33QBVUxsFpqltPBF2ZvU7+rErzKRsTHMHLEMtd6vc/nescrJZR/dxNq/6rXjmi4KFAGisRYqOMFMkCQgB86MOD7nuKyglaC2VCC3b8hyARkFqb2QOJhFdEAN6wN2yiLSAzbq3JLiob9wCseGF2EtpV90V5qr9VjW3eciW3UMZdsESWwn6/iIUIM4i4qxGzBlBK2gX0IB2I5c3L04Xq2wXOLqTjIA7BDmFfoX8FRCbR9CDK07e7sig9sdVM63SNzeXa1rl9s/w/jm3FSvnHgN6yXCTr3RXZYhf7npq70sY/SaKCzwpLro7wt3nl167KzQogipCKBOPdf7U1vkXscni3eVRynxqsotLnL+7eQTNeXSVzEUNNn2vuFuiMVn6s+r5cxHLn7eVzzkG9ICIBnfUfWnAIZXAq9XTt+eftfktIhBcbWTPRVg2ZDPknAfb6dYOSj77+YsVtMMhi74bbjkvCswHB2hW16CJrlXu/hAD+jbomn3I07xWQxavTkDcqt8Gie6caabEHSXebW1bObyViGiMK+g7x5b+JqJtxRX0bbqxaSddN7r+XOZ19IgGELnLjui94gr61ujib5/OOeVRq1Mf/5NVGKL3iytoIqKJYkDfNcMyxzWVOojo/WBA3yk8QUh0lzCgb5rrmm/zuv3RREQFE+JO0aW/iWibcRfHkBlw6ck6F7NuMOx1cZPy2H28zW5VH+jbfFxEdHXbGtCXnvK76hivP4Oia+H98gT6oEw/wfBq59L1aHxX46sAVz2MEvIugCGV/s6euwDtWo32IfprAlIMvgB3gbsshhqKwSVvnuq9aCnjS9O2Xc5e78g4J7pF2xjQ+uQJ4oOj0k1zFq8WGq8/g97Pn9bAy3cA8NGXD2s3iYYuoKX0RQ6WlwJaLxDQXTN/MWjXvhOSYOYQc5gYcteHOSBAVg167Rv0Lw2QhQCttajruvRrFmQ3JIh66co0aJg07wm24aRhf9+OtptDUPe3hYFM9F5tY0BbP6bqV9mD/stXL+fJtffq8OS3n36RLKdFOHaDUocBrW7ntNrS0S6KbAleRWioUdc1vFtBh+4+1Ov5intebhiWKJZu51Qu7xMRqAYIJIqUvqAyn/Oy6NYYzo3YfrXtiuG0bUFtZ5feE7m8hujDsI0BfSN+ByCjgcIBL6veLArAYYOAXq7pXqiG6wp4hCF2E0tsHrwiNl+nzmP4zIp3cXtWlx9ZXUckW1zivegnfbYX/soV+mh1TkRTtI0BrU+eIH7xrqz2dq9Y4nh5Ao2fPayxd3gCAO0D7ERPIVQRoTukI8Mhi877K2zuSmeQaIjBkQw4bYDsAiDA1QGE+eK8P46uuAx89KKQW4go6pzw+riFuyQzZId7ebyDmQPzB736Qfr4RlO+Unzc3W717CsFSx5Et2gbAjoMR6R//fTh40ri19gNfwcApukIXbP9yxz0QQng+O//+PC4OTl5W8fqsy+/+Pyfa6RQ16VMYW0bM6IEHX6bzmmA7xlmBlXFbDbDaXOM45MGR2+P8dcXr9EmQV3XUFXYvDn+8gp3fB+DgbEOQRZIBE5gIunNm/ytJ3yrEp5D5CMAu+KSbBCmvu5xD+JWpBuk5fikvMH/1E3fHj4orrmJbtHkA/rpU+j97+DfdAkzy9Vjj/57EfwrALjIGymToOrLHlsQ4BCXspKVgDZ88eXDWFcGRYK1OQIRgmrwWRsCuis1WDZoUNQ7FUw+wv7PL3Dwvy+wf/AWroJ6tgsNQEq2fofF0uLVux0bAJKIRJSJL1nD7Nv2XfMffz7EK+AUf/sQD5qP0OzsX+1ywtSF8F75Qof97Hh5ItEtm3xAHx9D7g/Wejm4BowScwcuJnK5gO4PWIZ2O1QAFcfH92rMKoeIw5IDVqPLw4E1WSUGNxusoGt4rLAT3+K0Nbx6A4TakfwUGgSWff0VhSvq0O6lgCHzE3sB2VP68yFO5h91iNP9QzQMVKLtN/mAvkn9RMpFPBpOm2OIORQNUk5Qcwjiog68FJzqSytdT/OAhhjQZqScEUKN2c4xsghcIyRI2RvtccXFMbbY2TF62zig+0ngvwXww7V+Z4hoCiYf0Lu74xNTQcUcaAYn505c3H3NZl/ZsJDsz8e5iztE4BLVEcvOjBowRXaHSFosuX35GMsBLTAXiAskCwwOdYUERagCRBShighRy/y/tb06lumKFbRDTKv8EDs4xCkA4FPsPLoHrQ+uWOJ4XA6+v4/clTi4Eid6TyYf0MvMISo+L3GIS+2AC7xa9fGyYeOBdqceg5VdFD46CdYH5zUMGPZSxrD5/opybJN+m97lM7Bf0YtYaj5Cg8Nyu7mH5uAAp1fecbE4Lcie/UTv2eQDerkG7e6jy7xdXOFikHVNNM7ZeCDdpdwi5eIP78L6mvcr3NSeYzPz4QnBbuXsXPkSbb8Puu2ZbdjfTET0vk1+Bb3WNU4LWdXxTdygOO+y7l9vcQXg5T621B9YgSC6y7Y3oK9F156TzfOJaIKYSkREE8WAJiKaqDtR4riO83wu/fxAg8JhE3/tUl/sg+N2DaK7adop9B5s7k5HRHR7GNBERBPFgCYimqgtDOg0qLz++uqryep90HpNx9/oWrb2beGPkIguhP+7gbUNi8QvONKKiOgG3IldHFPn7t71Fu0GnWRRF2h5x8UPJHA4Wgh2yoHRyKZ2fUS01e5AQFs3FWvd+y5ADOJSGu7L0ufJpuNf7NiQBJEkbiYIgJuLlX1ym5rtnT2UjMdOCTedEN1p2xfQESVAu2mrQboMXbUZ+rwN0g4AAU3KEAfqqKhmETGWrnYaEswDRGRlnRo42y5URMYTVVQRaogjBRcE95K07t1GZrn4Lm53Nwweiguq7CxTEd1VWxfQKQEIYdGGTgcN7Jf5+StfDRGhnkFFkUyREZFRlUIEEtwFkLCmM7J1k1YXRATmZSJKRo3TNsEQISHCvZS7DQ43v6ZOeqxwEN1VWxHQ3wz+fZxKD33pfrkXAdwvtRAdEUlILZAFiK9aIL7FTgTUIlLOcPcy+WQFXRGOIoKcsmtQ1LtJTk5P8eJtPjpp415reC5BECB1KaaUeVl60UqMwN3QQvy+AA8d+AmCn34YvHzszWdjEdG2m3xAP3s2vv3mdQJimq+aRfrRVVdL6NQaUk6oguKkSfjri0PUsYJ6REoZ7gmiq6sIq6ahiAiypRw0yGy2E45Tgkm19+oo/yGE+o+NNYhmn+cYxSwlpOrCPwTxLtUNAWp1dj12tPtL07cTA5robph8QC87Ti2QdL6qdbOu1nzVeoECCMgJaI6OcXrSDci2EsqiDt9wKk66wYY6vnsTQCFvIKJoWxwJ7n3/4y9N93JzErs7brAYyH1dWPMguiO2LqCBqj/TBqCUN4rLB7TJ+GKRZIoQK7gbPNSAa1fG3jx4VmGlcZEZzL18vpfVdNCIvJ3faCJ6z7YwN1oIdF7SKCfkcKWAVpTudf22CA39ropyEtIRoOcWt21xMUvop5649Ds0QlSkZCIe5mcsvwJi8wh6cMXJ2x251ksqiWhyti6gr/MBixtctLTu7KbFajd7ViQC3pdS1u1ksy7kl/WJLTDPEBGJvngFaR5Bc8amA6+zOPDgy7jkMYhoS2xdQKcEBFlsURvP+L6KsvgsIw5lXm92H553Wx/Qq2cWusMh/dYSh1tj7fyABwdoFjVoIqLVti6gb9zKBkasIBDR7eNVaEREE8WAJiKaKAY0EdFEMaCJiCaKAU1ENFEMaCKiiWJAExFNFAOaiGiiGNBERBPFgCYimqhtuNR71IxZIONRqwJzoPT4nAqBL03bdjk735VN9Yloo20I6BEpHT3beRdQR4NLz8e+YY62G/JS97eFgUxEl7QNAS3D1abBNUDqwft3ymp19Lb3S1wxnLYtqO1sFya2CSWijViDJiKaqG1YQY9KAwoxE2118eaT0n3Zp1NCcDRaGvR/DCjg3gpsuUY+ncdLRJO0DQFtwzBr4PuV+H+6+3cA4OJHKC3yJ/PbgEgZUujAJ0CGu/+pBfYHH2IscRDRebYxJBRA/Korz8QJr0RT9/3dK4Gc2PmfiIiIiIiI6KZsbYnjMRAw9RLH4/L93d9HZomDiC5rGwMa3ePepsfu3LVBREREREREREREREREREREREREREREREREREREREREREREREREREREREREREREREREdAH/D25f1exAlD9gAAAAAElFTkSuQmCC');


